feature,gain,split,gain_rank
V258,792886.3468580246,91,1
C13,454330.71778297424,1230,2
V294,393786.4007873535,129,3
card1,363974.5282154083,3924,4
TransactionAmt,345534.186832428,3294,5
day_index,314009.21482658386,3589,6
card2,292409.5702009201,3042,7
addr1,245972.36699676514,2835,8
C8,194804.97652626038,137,9
D15,174443.8702878952,1436,10
C1,173555.0384426117,771,11
M4,172864.70127487183,455,12
D2,171575.0324869156,804,13
card6,145283.471449852,286,14
V70,144995.73081588745,60,15
hour_cos,140625.53864002228,2383,16
hour_sin,131491.55044937134,2249,17
R_emaildomain,127257.26696777344,597,18
P_emaildomain,127237.08690261841,1307,19
C14,126224.50074672699,597,20
D1,118244.9663696289,961,21
card5,117458.38835144043,1156,22
D10,112420.49756908417,1125,23
C2,108913.51365947723,669,24
D4,105670.61897087097,1028,25
dist1,103718.98405265808,1333,26
C11,94597.98854160309,542,27
D3,87979.54616069794,539,28
C5,77840.42165470123,313,29
C6,70966.51364135742,493,30
card3,67011.563331604,270,31
M5,60578.03110027313,480,32
M6,58943.674196243286,428,33
id_02,58766.427307128906,897,34
DeviceInfo,56144.05590438843,611,35
C9,55387.985372543335,462,36
V308,52991.38454723358,182,37
id_20,52598.70969295502,739,38
V91,48551.89846611023,61,39
V310,48517.71411514282,375,40
V313,48338.33274650574,449,41
V312,48219.81834411621,167,42
D11,48202.09660243988,661,43
id_30,47350.31802558899,337,44
id_31,45371.97478103638,565,45
V29,42849.05784988403,56,46
id_19,42406.604415893555,716,47
ProductCD,40207.64544200897,162,48
D5,39421.75064468384,533,49
V53,31333.677887916565,199,50
V315,31246.62851047516,263,51
card4,31205.200724601746,376,52
V317,30424.288556098938,153,53
V83,29216.68854522705,189,54
V45,28023.560208320618,140,55
C10,27912.494067192078,191,56
V187,27374.564083099365,46,57
V283,27248.339609146118,105,58
id_06,26091.48086166382,356,59
M3,25700.407967567444,235,60
id_01,24959.540952682495,290,61
V243,24734.001947402954,14,62
V307,24502.90785598755,345,63
id_05,24307.1235704422,374,64
V314,23356.623524665833,259,65
V54,22604.290347099304,175,66
V62,22558.06843662262,190,67
id_33,22468.330360412598,314,68
V82,21964.35059928894,198,69
V320,21559.62917613983,141,70
V87,20532.319531440735,161,71
C12,19585.998728752136,140,72
V285,19435.94019317627,136,73
V189,19280.133778572083,38,74
V309,17353.655866622925,92,75
V130,17171.46594429016,230,76
V281,17160.738386154175,118,77
V311,17054.90354537964,126,78
id_38,16936.905269622803,132,79
V133,16494.417030334473,102,80
id_17,16356.058749198914,106,81
M9,15742.624536514282,197,82
id_14,14969.390086174011,187,83
C4,14882.696060180664,114,84
V19,14270.40274810791,126,85
M8,14184.229502677917,201,86
V61,13942.120177268982,158,87
V12,13548.663972854614,129,88
V76,12491.600861549377,150,89
M7,12333.580989837646,180,90
V35,12327.052108764648,116,91
id_13,12311.286994934082,217,92
V201,12309.120677947998,8,93
V127,12189.07082271576,175,94
V136,11861.366168022156,132,95
V56,11742.079363822937,77,96
V49,11591.842720031738,71,97
V13,11457.274375915527,112,98
DeviceType,11368.262563705444,74,99
id_09,11182.05786895752,79,100
V296,11168.18605518341,43,101
V55,10804.089311599731,81,102
V67,10776.488169670105,85,103
V78,10462.552179336548,116,104
V38,10365.190420150757,107,105
M2,10358.899995803833,134,106
V75,9886.666387557983,116,107
V20,9262.431604385376,108,108
V37,8922.369507789612,66,109
id_32,8711.822370529175,23,110
V99,8373.786130905151,69,111
card2_missing,7981.491525650024,82,112
V24,7763.021831512451,83,113
V131,7665.7512102127075,104,114
V77,7566.987317085266,88,115
V282,7419.239653587341,93,116
V66,7329.63377571106,61,117
V48,7233.6798639297485,83,118
V96,7203.98539352417,61,119
V5,7173.3238916397095,96,120
V267,7078.984843254089,49,121
V291,7076.321562767029,115,122
V129,6884.193015098572,78,123
V36,6834.874915122986,100,124
V90,6693.9827880859375,57,125
id_15,6636.87425327301,61,126
V86,6531.278599739075,88,127
id_03,6334.224016189575,42,128
V124,6124.741530418396,67,129
V69,6051.953899383545,61,130
V102,5988.9445877075195,38,131
V30,5951.650894165039,63,132
V224,5931.657085418701,44,133
id_11,5729.934937477112,102,134
V223,5693.551292419434,6,135
V306,5650.489414215088,85,136
V289,5625.827599525452,53,137
C3,5559.615325927734,51,138
V26,5314.671890258789,72,139
V261,5133.803176879883,63,140
id_34,4950.100003242493,36,141
id_18_missing,4942.494513511658,71,142
D5_missing,4912.874080657959,55,143
id_16,4870.42130947113,76,144
V126,4854.5891036987305,80,145
V4,4757.396877288818,71,146
V7,4678.621878623962,50,147
D3_missing,4586.299192428589,43,148
V245,4567.4402894973755,17,149
id_18,4508.407980918884,78,150
V318,4505.756113052368,79,151
V198,4471.256628036499,14,152
id_12,4469.933519363403,26,153
V209,4442.648884773254,52,154
V128,4436.829025268555,69,155
card5_missing,4319.073593139648,34,156
V33,4213.820952415466,44,157
V92,4179.227028846741,6,158
V2,4151.893447875977,34,159
V207,4038.8117170333862,33,160
V23,4016.9451360702515,53,161
V11,3963.698106765747,52,162
V221,3833.14341545105,69,163
id_36,3809.2510471343994,37,164
V170,3791.8098764419556,30,165
V6,3773.2896041870117,40,166
V137,3747.325008392334,62,167
id_37,3734.1538286209106,63,168
V251,3651.1353874206543,20,169
C7,3626.907551765442,46,170
V231,3577.996295928955,15,171
V205,3521.9844093322754,30,172
V316,3514.726813316345,69,173
V203,3508.134204864502,43,174
V135,3379.234609603882,47,175
V10,3353.9133892059326,53,176
V271,3353.6795167922974,51,177
V44,3258.0190029144287,48,178
V321,3253.097420692444,51,179
V222,3196.2555894851685,41,180
V47,3177.926176071167,33,181
V208,3166.2700843811035,53,182
DeviceInfo_missing,3116.154586791992,29,183
V52,3020.558717727661,44,184
V266,2998.0302305221558,44,185
V100,2957.981827735901,16,186
V206,2876.378116607666,34,187
V300,2871.950994491577,42,188
V319,2851.8595037460327,57,189
V264,2830.0110092163086,57,190
V230,2818.953981399536,9,191
V274,2809.893286705017,37,192
V40,2706.04438495636,39,193
V280,2635.2724752426147,33,194
V270,2616.1250190734863,44,195
V234,2600.25887298584,51,196
V244,2565.3005867004395,3,197
V257,2557.3860626220703,10,198
V81,2537.487992286682,38,199
V263,2466.7383136749268,23,200
V292,2456.727011680603,44,201
D2_missing,2441.880229949951,25,202
V132,2402.526810646057,51,203
V60,2342.8993759155273,26,204
V169,2324.0627279281616,29,205
id_07,2311.507007598877,41,206
V25,2278.2276706695557,40,207
V42,2252.3425827026367,21,208
V3,2191.6665868759155,47,209
V34,2183.714309692383,18,210
V115,2179.392156600952,15,211
id_04,2150.8531618118286,39,212
V256,2033.1141872406006,20,213
id_28,2032.05970287323,38,214
V268,1993.1423835754395,26,215
V59,1989.6973896026611,21,216
V64,1983.8428049087524,16,217
id_10,1973.1754922866821,33,218
V272,1965.3218221664429,22,219
V215,1900.3115940093994,24,220
V134,1842.2637405395508,22,221
D4_missing,1839.2891159057617,26,222
V43,1788.260305404663,23,223
V218,1765.8714046478271,17,224
V63,1763.2590742111206,17,225
V51,1719.10160446167,29,226
addr2,1711.5951957702637,40,227
id_29,1679.8234996795654,31,228
V79,1672.9800996780396,26,229
id_25,1663.6361331939697,23,230
V72,1655.6744899749756,10,231
V202,1618.0649785995483,28,232
dist1_missing,1586.7150058746338,35,233
V277,1577.2314977645874,47,234
V95,1567.7469787597656,9,235
V286,1559.6777114868164,15,236
V287,1555.74729347229,24,237
V276,1528.5098886489868,28,238
V103,1520.4054851531982,12,239
V210,1466.8703861236572,22,240
V275,1463.3735008239746,17,241
V301,1427.865912437439,17,242
V178,1397.0386037826538,15,243
V303,1380.6903944015503,15,244
V273,1363.37859249115,18,245
V253,1340.992392539978,19,246
V232,1334.7173042297363,15,247
V101,1311.3525981903076,10,248
id_08,1303.0832633972168,32,249
V217,1297.6384773254395,5,250
V226,1287.6626892089844,11,251
V97,1280.2235069274902,18,252
V248,1277.3471012115479,17,253
V73,1270.2145137786865,17,254
V219,1262.7526226043701,8,255
D15_missing,1262.1152019500732,23,256
V204,1257.6848106384277,32,257
addr1_missing,1245.9612159729004,12,258
V39,1242.0911045074463,15,259
V180,1233.3727226257324,11,260
M1,1222.7666263580322,12,261
V71,1218.4565906524658,14,262
V288,1216.3314046859741,18,263
V80,1202.0123949050903,25,264
V171,1201.6960124969482,13,265
V105,1187.9980869293213,13,266
V265,1177.7197923660278,26,267
V94,1149.1443138122559,13,268
V290,1133.2808151245117,20,269
V74,1119.3836069107056,17,270
V279,1102.6964015960693,16,271
V85,1096.852102279663,11,272
D11_missing,1067.287395477295,19,273
V211,1057.4943923950195,17,274
V168,1047.1188354492188,5,275
V184,1046.5072040557861,16,276
V233,1021.1315021514893,15,277
V167,1020.0277214050293,5,278
V123,1005.3333988189697,15,279
V216,995.538480758667,16,280
V213,991.3365020751953,11,281
V304,983.9982023239136,19,282
V84,980.2376022338867,17,283
V293,976.0222959518433,22,284
V173,973.2558250427246,8,285
V177,957.4887142181396,5,286
id_21,929.9724216461182,19,287
V259,922.3384981155396,20,288
V220,911.8135929107666,18,289
V298,891.3222026824951,11,290
V297,888.4276027679443,16,291
V109,886.679407119751,17,292
V50,873.4444885253906,12,293
V262,860.5054187774658,12,294
V295,829.4968137741089,15,295
V229,742.0084075927734,22,296
V176,723.9899854660034,9,297
V188,705.134895324707,9,298
V93,698.7870960235596,8,299
V58,666.415599822998,13,300
V212,661.1351289749146,13,301
V8,644.6327991485596,9,302
V246,641.1510963439941,6,303
V214,637.3634939193726,15,304
V302,621.678994178772,17,305
V194,617.2990112304688,4,306
id_35,612.4452037811279,7,307
id_23,597.1127920150757,10,308
V21,593.0193023681641,7,309
id_03_missing,578.9694118499756,10,310
V225,567.6308994293213,9,311
D10_missing,566.467306137085,8,312
V15,561.6416969299316,7,313
V278,547.1812934875488,12,314
id_26,544.2910041809082,9,315
V179,543.3472948074341,5,316
V260,537.3022136688232,10,317
V255,537.0522060394287,8,318
id_14_missing,505.5808048248291,7,319
V9,503.2605953216553,13,320
V57,501.3289966583252,7,321
V239,498.2965974807739,10,322
V108,489.6498899459839,13,323
id_05_missing,487.51820182800293,11,324
addr2_missing,486.13379669189453,4,325
V197,467.3285083770752,16,326
V200,440.3055953979492,11,327
V98,433.73930740356445,5,328
V116,417.48040771484375,5,329
V112,409.3786029815674,6,330
V17,404.93160247802734,9,331
V254,397.30698680877686,3,332
V125,393.8420066833496,8,333
V46,389.3781967163086,9,334
P_emaildomain_missing,386.8175964355469,6,335
V172,380.9416923522949,3,336
V32,374.91789627075195,7,337
V238,338.42480754852295,7,338
V174,313.21929931640625,3,339
V199,311.9748992919922,8,340
id_06_missing,304.2673034667969,5,341
V227,303.0632028579712,4,342
V118,298.8502025604248,9,343
V185,288.4976978302002,4,344
id_33_missing,288.42029762268066,3,345
V196,284.63379669189453,3,346
V235,282.6791868209839,2,347
V31,281.9095001220703,4,348
V18,273.682505607605,6,349
V250,270.19019317626953,5,350
V175,241.80599403381348,3,351
R_emaildomain_missing,235.78879356384277,4,352
V106,210.66929817199707,5,353
V110,193.6371955871582,4,354
V249,182.13390159606934,7,355
V122,180.99290466308594,3,356
id_09_missing,155.7392978668213,4,357
V111,152.98590660095215,2,358
V228,143.52090072631836,4,359
V190,140.7264003753662,3,360
V299,138.27789878845215,4,361
V22,127.30230331420898,3,362
V192,118.88030052185059,4,363
V242,111.39419937133789,5,364
V284,97.42909812927246,3,365
V104,93.15870094299316,3,366
V121,69.55159759521484,1,367
V247,58.95760154724121,2,368
V236,58.89870071411133,1,369
V193,53.52470016479492,1,370
id_24,53.10579967498779,3,371
id_04_missing,39.4015007019043,1,372
V186,35.617000579833984,2,373
id_30_missing,35.20439910888672,1,374
V183,34.08419990539551,2,375
V269,31.71130084991455,2,376
V120,27.03350067138672,1,377
V182,22.929100036621094,1,378
V119,21.522499084472656,1,379
V240,13.314200401306152,1,380
DeviceType_missing,0.0,0,381
card3_missing,0.0,0,382
V28,0.0,0,383
V27,0.0,0,384
V191,0.0,0,385
V181,0.0,0,386
V195,0.0,0,387
V237,0.0,0,388
V252,0.0,0,389
V241,0.0,0,390
V114,0.0,0,391
V16,0.0,0,392
V117,0.0,0,393
V14,0.0,0,394
V305,0.0,0,395
V88,0.0,0,396
V107,0.0,0,397
V113,0.0,0,398
V41,0.0,0,399
V68,0.0,0,400
V65,0.0,0,401
V89,0.0,0,402
id_22,0.0,0,403
id_10_missing,0.0,0,404
id_27,0.0,0,405
V1,0.0,0,406
