section,status,completion_pct,missing_work,notes
Introduction,"Draft — partially articulated in README and reports",25,"Formal motivation, literature positioning, precise contribution statement","README exists but not publication-ready"
Literature Review,Not started,0,"Systematic review of temporal fraud detection, concept drift, GRU/LSTM for sequences, tabular vs. neural comparison","No survey or comparison table exists"
Problem Definition,"Partially articulated in sequence_specification.md and PHASE2_FINAL_AUDIT.md",40,"Formal RQ hierarchy, novelty statement, hypothesis formalization","RQs are documented informally; need rigorous formalization"
Dataset Methodology,"Complete for IEEE-CIS; drafted for ULB/BAF/PaySim",60,"ULB-E1, BAF-E1, PaySim-E1 experimental validation; deduplication decisions","DATASET_SUITABILITY_AUDIT.md is strong"
Preprocessing,"Complete for IEEE-CIS (E1); E2b scaler documented",70,"ULB, BAF, PaySim preprocessing pipelines not implemented","Train-only fitting methodology is solid"
E1 Tabular Baseline,COMPLETE — research-grade,95,"Ablation study (different classifiers); literature comparison","All metrics, bootstrap, calibration, operational metrics documented"
E1.5 Hardening,COMPLETE — research-grade,95,"Possible: sensitivity analysis on threshold selection","Bootstrap CI, calibration, operational metrics complete"
E2 Temporal Modeling,COMPLETE (E2a + E2b + STEP9 + STEP10),90,"Architecture ablations (LSTM, Transformer, window length); sequence feature ablations","Results documented; interpretation is nuanced and correct"
E3 Hybrid,Not started,0,"Full experiment: design, implementation, training, evaluation, comparison with E1/E2b","Critical gap — most important next experiment"
Cross-Dataset Evaluation,Not started — audit complete,5,"ULB-E1, BAF-E1, PaySim-E1 training and evaluation; cross-dataset comparison table","Dataset forensics complete; no experiments run"
Concept Drift,Not started,0,"BAF Variants I–V; drift detection; performance degradation curves","Most significant gap relative to stated research title"
Adaptive Retraining,Not started,0,"BAF monthly windows; retraining trigger; recovery measurement","Entirely missing; in research title"
Explainability,Not started,0,"SHAP on E1; SHAP on E3 (post E3); feature importance ranking; behavioral interpretation","In research title; E1 model exists and is frozen — ready for SHAP"
Streaming,Not started,0,"Kafka topic setup; Spark Structured Streaming inference; latency measurement","In research title; PaySim ready for replay"
Deployment (FastAPI),Not started,0,"REST endpoint; request/response schema; prediction serving","Engineering task; lower priority than research"
Results (combined),Partial — IEEE-CIS complete,30,"E3, cross-dataset, drift, adaptation results missing","E1+E2 results section is research-grade"
Discussion,Not started,0,"Integrated interpretation of all experiments; limitations; future work","Cannot be written until more experiments complete"
Limitations,Partially documented in PHASE2_FINAL_AUDIT.md,40,"Cross-dataset generalization limits; drift coverage; streaming limits not documented","Phase 2 limitations well-documented"
Conclusion,Not started,0,"Synthesis of all findings; contribution statement","Cannot be written until more experiments complete"
References,Not started,0,"Full bibliography of IEEE-CIS, BAF, GRU, concept drift, fraud detection literature","No formal bibliography exists"
OVERALL_RESEARCH_COMPLETION,Active research — foundational phases complete,28,"E3, cross-dataset, drift, adaptation, explainability, streaming","Phase 1 and 2 are research-grade; 8 of 10 planned phases not started"
