column,missing_pct,fraud_mean,legit_mean,interpretation
C1,0.0,35.5357,13.315,Count-type behavioral feature (exact semantics anonymized)
C2,0.0,45.5094,14.1733,Count-type behavioral feature (exact semantics anonymized)
C3,0.0,0.0002,0.0058,Count-type behavioral feature (exact semantics anonymized)
C4,0.0,15.0773,3.6939,Count-type behavioral feature (exact semantics anonymized)
C5,0.0,1.4067,5.7225,Count-type behavioral feature (exact semantics anonymized)
C6,0.0,16.9231,8.7864,Count-type behavioral feature (exact semantics anonymized)
C7,0.0,11.9772,2.5175,Count-type behavioral feature (exact semantics anonymized)
C8,0.0,21.2426,4.5609,Count-type behavioral feature (exact semantics anonymized)
C9,0.0,1.704,4.5809,Count-type behavioral feature (exact semantics anonymized)
C10,0.0,19.4939,4.7235,Count-type behavioral feature (exact semantics anonymized)
C11,0.0,23.8575,9.7478,Count-type behavioral feature (exact semantics anonymized)
C12,0.0,18.5975,3.5497,Count-type behavioral feature (exact semantics anonymized)
C13,0.0,24.9678,32.8145,Count-type behavioral feature (exact semantics anonymized)
C14,0.0,10.356,8.2205,Count-type behavioral feature (exact semantics anonymized)
