column,missing_pct,interpretation
D1,0.2149,Timedelta feature (time since some reference event per entity)
D2,47.5492,Timedelta feature (time since some reference event per entity)
D3,44.5149,Timedelta feature (time since some reference event per entity)
D4,28.6047,Timedelta feature (time since some reference event per entity)
D5,52.4674,Timedelta feature (time since some reference event per entity)
D6,87.6068,Timedelta feature (time since some reference event per entity)
D7,93.4099,Timedelta feature (time since some reference event per entity)
D8,87.3123,Timedelta feature (time since some reference event per entity)
D9,87.3123,Timedelta feature (time since some reference event per entity)
D10,12.8733,Timedelta feature (time since some reference event per entity)
D11,47.2935,Timedelta feature (time since some reference event per entity)
D12,89.041,Timedelta feature (time since some reference event per entity)
D13,89.5093,Timedelta feature (time since some reference event per entity)
D14,89.4695,Timedelta feature (time since some reference event per entity)
D15,15.0901,Timedelta feature (time since some reference event per entity)
