column,dtype,missing_pct,n_unique,example_values
TransactionID,int64,0.0,144233,"[2987004, 2987008, 2987010, 2987011, 2987016]"
id_01,float64,0.0,77,"[0.0, -5.0, -15.0, -10.0, -20.0]"
id_02,float64,2.33,115655,"[70787.0, 98945.0, 191631.0, 221832.0, 7460.0]"
id_03,float64,54.02,24,"[0.0, 3.0, 2.0, 5.0, 1.0]"
id_04,float64,54.02,15,"[0.0, -11.0, -5.0, -8.0, -1.0]"
id_05,float64,5.11,93,"[0.0, 1.0, 3.0, 2.0, 9.0]"
id_06,float64,5.11,101,"[-5.0, 0.0, -6.0, -10.0, -11.0]"
id_07,float64,96.43,84,"[22.0, 6.0, -1.0, 4.0, 2.0]"
id_08,float64,96.43,94,"[-34.0, -55.0, -100.0, -15.0, -33.0]"
id_09,float64,48.05,46,"[0.0, 3.0, 2.0, 1.0, 5.0]"
id_10,float64,48.05,62,"[0.0, -9.0, -42.0, -6.0, -29.0]"
id_11,float64,2.26,365,"[100.0, 93.75, 95.08000183105467, 95.6500015258789, 94.29000091552734]"
id_12,str,0.0,2,"['NotFound', 'Found']"
id_13,float64,11.73,54,"[49.0, 52.0, 14.0, 20.0, 55.0]"
id_14,float64,44.5,25,"[-480.0, -300.0, -360.0, -420.0, -540.0]"
id_15,str,2.25,3,"['New', 'Found', 'Unknown']"
id_16,str,10.33,2,"['NotFound', 'Found']"
id_17,float64,3.37,104,"[166.0, 121.0, 225.0, 102.0, 148.0]"
id_18,float64,68.72,18,"[15.0, 18.0, 13.0, 12.0, 20.0]"
id_19,float64,3.41,522,"[542.0, 621.0, 410.0, 176.0, 529.0]"
id_20,float64,3.45,394,"[144.0, 500.0, 142.0, 507.0, 575.0]"
id_21,float64,96.42,490,"[252.0, 657.0, 724.0, 228.0, 369.0]"
id_22,float64,96.42,25,"[14.0, 41.0, 21.0, 33.0, 35.0]"
id_23,str,96.42,3,"['IP_PROXY:TRANSPARENT', 'IP_PROXY:ANONYMOUS', 'IP_PROXY:HIDDEN']"
id_24,float64,96.71,12,"[11.0, 15.0, 16.0, 12.0, 21.0]"
id_25,float64,96.44,341,"[321.0, 161.0, 460.0, 426.0, 205.0]"
id_26,float64,96.42,95,"[184.0, 102.0, 159.0, 142.0, 117.0]"
id_27,str,96.42,2,"['Found', 'NotFound']"
id_28,str,2.26,2,"['New', 'Found']"
id_29,str,2.26,2,"['NotFound', 'Found']"
id_30,str,46.22,75,"['Android 7.0', 'iOS 11.1.2', 'Mac OS X 10_11_6', 'Windows 10', 'Android']"
id_31,str,2.74,130,"['samsung browser 6.2', 'mobile safari 11.0', 'chrome 62.0', 'chrome 62.0 for android', 'edge 15.0']"
id_32,float64,46.21,4,"[32.0, 24.0, 16.0, 0.0]"
id_33,str,49.19,260,"['2220x1080', '1334x750', '1280x800', '1366x768', '1920x1080']"
id_34,str,46.06,4,"['match_status:2', 'match_status:1', 'match_status:0', 'match_status:-1']"
id_35,str,2.25,2,"['T', 'F']"
id_36,str,2.25,2,"['F', 'T']"
id_37,str,2.25,2,"['T', 'F']"
id_38,str,2.25,2,"['T', 'F']"
DeviceType,str,2.37,2,"['mobile', 'desktop']"
DeviceInfo,str,17.73,1786,"['SAMSUNG SM-G892A Build/NRD90M', 'iOS Device', 'Windows', 'MacOS', 'SM-G930V Build/NRD90M']"
