column,pct_missing,p_fraud_when_present,p_fraud_when_missing,missingness_predictive
D2,54.13,2.4528,3.4858,WEAK
D3,52.48,2.7884,3.2144,WEAK
D4,38.96,3.2658,2.6143,WEAK
D5,60.55,3.8267,2.4813,WEAK
D6,86.85,8.2829,2.2141,WEAK
D7,93.61,12.9305,2.3352,WEAK
D8,82.34,6.6344,2.2352,WEAK
D9,82.34,6.6344,2.2352,WEAK
D10,23.53,2.9586,3.1857,WEAK
D11,66.56,1.7167,3.6627,WEAK
D12,88.63,9.6275,2.1635,WEAK
D13,89.8,9.1827,2.3108,WEAK
D14,88.88,9.0697,2.2542,WEAK
D15,25.11,3.0152,3.0023,WEAK
dist2,92.24,6.9463,2.681,WEAK
card2,1.51,3.0039,3.536,WEAK
card3,0.0,3.011,66.6667,WEAK
card5,0.53,2.999,5.4358,WEAK
addr1,10.7,2.2222,9.6064,WEAK
addr2,10.7,2.2222,9.6064,WEAK
P_emaildomain,16.08,3.1393,2.3477,WEAK
R_emaildomain,68.18,5.4409,1.8782,WEAK
