bin,dt_start,day_start,fraud_sample_count,legit_sample_count
0,86400.0,1.0,0,0
1,400895.0,4.64,0,0
2,715389.0,8.28,0,0
3,1029884.0,11.92,0,0
4,1344378.0,15.56,0,0
5,1658873.0,19.2,0,0
6,1973368.0,22.84,252,16966
7,2287862.0,26.48,475,13914
8,2602357.0,30.12,395,9592
9,2916852.0,33.76,500,9528
10,3231346.0,37.4,419,0
11,3545841.0,41.04,411,0
12,3860335.0,44.68,408,0
13,4174830.0,48.32,507,0
14,4489325.0,51.96,96,0
15,4803819.0,55.6,0,0
16,5118314.0,59.24,0,0
17,5432809.0,62.88,0,0
18,5747303.0,66.52,0,0
19,6061798.0,70.16,0,0
20,6376292.0,73.8,0,0
21,6690787.0,77.44,0,0
22,7005282.0,81.08,0,0
23,7319776.0,84.72,307,0
24,7634271.0,88.36,476,0
25,7948766.0,92.0,459,0
26,8263260.0,95.64,448,0
27,8577755.0,99.28,340,0
28,8892249.0,102.92,410,0
29,9206744.0,106.56,472,0
30,9521239.0,110.2,463,0
31,9835733.0,113.84,429,0
32,10150228.0,117.48,0,0
33,10464722.0,121.12,0,0
34,10779217.0,124.76,0,0
35,11093712.0,128.4,0,0
36,11408206.0,132.04,0,0
37,11722701.0,135.68,0,0
38,12037196.0,139.32,0,0
39,12351690.0,142.96,0,0
40,12666185.0,146.6,0,0
41,12980679.0,150.24,222,0
42,13295174.0,153.88,336,0
43,13609669.0,157.52,313,0
44,13924163.0,161.16,366,0
45,14238658.0,164.8,352,0
46,14553153.0,168.44,400,0
47,14867647.0,172.08,343,0
48,15182142.0,175.72,429,0
49,15496636.0,179.36,381,0
