column,group,dtype,missing_pct,n_unique_sample,example_values
TransactionID,TRANSACTION_ID,int64,0.0,200000,"[2987000, 2987001, 2987002, 2987003, 2987004]"
isFraud,TARGET,int64,0.0,2,"['0', '1']"
TransactionDT,TEMPORAL,int64,0.0,192906,"[86400, 86401, 86469, 86499, 86506]"
TransactionAmt,AMOUNT,float64,0.0,9695,"[68.5, 29.0, 59.0, 50.0, 49.0]"
ProductCD,PRODUCT,str,0.0,5,"['W', 'H', 'C', 'S', 'R']"
card1,CARD,int64,0.0,13553,"['13926', '2755', '4663', '18132', '4497']"
card2,CARD,float64,1.5127,500,"['404.0', '490.0', '567.0', '514.0', '555.0']"
card3,CARD,float64,0.265,114,"['150.0', '117.0', '185.0', '143.0', '144.0']"
card4,CARD,str,0.267,4,"['discover', 'mastercard', 'visa', 'american express']"
card5,CARD,float64,0.7212,119,"['142.0', '102.0', '166.0', '117.0', '226.0']"
card6,CARD,str,0.266,4,"['credit', 'debit', 'debit or credit', 'charge card']"
addr1,ADDRESS,float64,11.1264,332,"['315.0', '325.0', '330.0', '476.0', '420.0']"
addr2,ADDRESS,float64,11.1264,74,"['87.0', '96.0', '35.0', '60.0', '98.0']"
dist1,DISTANCE,float64,59.6524,2166,"[19.0, 287.0, 36.0, 0.0, 3.0]"
dist2,DISTANCE,float64,93.6284,1282,"[30.0, 98.0, 149.0, 84.0, 100.0]"
P_emaildomain,EMAIL,str,15.9949,59,"['gmail.com', 'outlook.com', 'yahoo.com', 'mail.com', 'anonymous.com']"
R_emaildomain,EMAIL,str,76.7516,60,"['gmail.com', 'hotmail.com', 'outlook.com', 'anonymous.com', 'charter.net']"
C1,COUNTING,float64,0.0,1517,"[1.0, 2.0, 4.0, 6.0, 127.0]"
C2,COUNTING,float64,0.0,967,"[1.0, 5.0, 2.0, 4.0, 120.0]"
C3,COUNTING,float64,0.0,16,"[0.0, 1.0, 8.0, 3.0, 2.0]"
C4,COUNTING,float64,0.0,1183,"[0.0, 1.0, 2.0, 3.0, 4.0]"
C5,COUNTING,float64,0.0,279,"[0.0, 2.0, 1.0, 168.0, 3.0]"
C6,COUNTING,float64,0.0,1266,"[1.0, 4.0, 3.0, 5.0, 7.0]"
C7,COUNTING,float64,0.0,1080,"[0.0, 1.0, 2.0, 4.0, 46.0]"
C8,COUNTING,float64,0.0,1181,"[0.0, 1.0, 6.0, 2.0, 5.0]"
C9,COUNTING,float64,0.0,195,"[1.0, 0.0, 3.0, 2.0, 81.0]"
C10,COUNTING,float64,0.0,1101,"[0.0, 1.0, 93.0, 2.0, 11.0]"
C11,COUNTING,float64,0.0,1381,"[2.0, 1.0, 5.0, 3.0, 80.0]"
C12,COUNTING,float64,0.0,1145,"[0.0, 2.0, 1.0, 4.0, 3.0]"
C13,COUNTING,float64,0.0,1530,"[1.0, 25.0, 12.0, 2.0, 6.0]"
C14,COUNTING,float64,0.0,1071,"[1.0, 2.0, 3.0, 6.0, 111.0]"
D1,TIMEDELTA,float64,0.2149,626,"[14.0, 0.0, 112.0, 61.0, 1.0]"
D2,TIMEDELTA,float64,47.5492,627,"[112.0, 61.0, 1.0, 72.0, 46.0]"
D3,TIMEDELTA,float64,44.5149,532,"[13.0, 0.0, 30.0, 11.0, 10.0]"
D4,TIMEDELTA,float64,28.6047,666,"[0.0, 94.0, 318.0, 107.0, 45.0]"
D5,TIMEDELTA,float64,52.4674,560,"[0.0, 30.0, 11.0, 10.0, 2.0]"
D6,TIMEDELTA,float64,87.6068,642,"[0.0, 537.0, 35.0, 216.0, 163.0]"
D7,TIMEDELTA,float64,93.4099,470,"[0.0, 4.0, 8.0, 163.0, 48.0]"
D8,TIMEDELTA,float64,87.3123,8934,"[83.0, 26.0, 21.0, 29.0, 189.0]"
D9,TIMEDELTA,float64,87.3123,24,"[0.0, 0.0416660010814666, 0.0833330005407333, 0.125, 0.1666660010814666]"
D10,TIMEDELTA,float64,12.8733,669,"[13.0, 0.0, 84.0, 40.0, 107.0]"
D11,TIMEDELTA,float64,47.2935,539,"[13.0, 315.0, 0.0, 302.0, 423.0]"
D12,TIMEDELTA,float64,89.041,511,"[0.0, 35.0, 163.0, 398.0, 24.0]"
D13,TIMEDELTA,float64,89.5093,414,"[0.0, 24.0, 18.0, 21.0, 58.0]"
D14,TIMEDELTA,float64,89.4695,636,"[0.0, 98.0, 97.0, 2.0, 18.0]"
D15,TIMEDELTA,float64,15.0901,713,"[0.0, 315.0, 111.0, 318.0, 107.0]"
M1,MATCH_FLAG,str,45.9071,2,"['T', 'F']"
M2,MATCH_FLAG,str,45.9071,2,"['T', 'F']"
M3,MATCH_FLAG,str,45.9071,2,"['T', 'F']"
M4,MATCH_FLAG,str,47.6588,3,"['M2', 'M0', 'M1']"
M5,MATCH_FLAG,str,59.3494,2,"['F', 'T']"
M6,MATCH_FLAG,str,28.6788,2,"['T', 'F']"
M7,MATCH_FLAG,str,58.6353,2,"['F', 'T']"
M8,MATCH_FLAG,str,58.6331,2,"['F', 'T']"
M9,MATCH_FLAG,str,58.6331,2,"['F', 'T']"
V1,ANONYMIZED_V,float64,47.2935,2,"[1.0, 0.0]"
V2,ANONYMIZED_V,float64,47.2935,7,"[1.0, 2.0, 3.0, 0.0, 4.0]"
V3,ANONYMIZED_V,float64,47.2935,7,"[1.0, 2.0, 3.0, 0.0, 4.0]"
V4,ANONYMIZED_V,float64,47.2935,5,"[1.0, 2.0, 0.0, 3.0, 4.0]"
V5,ANONYMIZED_V,float64,47.2935,6,"[1.0, 2.0, 0.0, 3.0, 4.0]"
V6,ANONYMIZED_V,float64,47.2935,6,"[1.0, 2.0, 3.0, 0.0, 4.0]"
V7,ANONYMIZED_V,float64,47.2935,6,"[1.0, 2.0, 3.0, 0.0, 4.0]"
V8,ANONYMIZED_V,float64,47.2935,6,"[1.0, 2.0, 3.0, 0.0, 6.0]"
V9,ANONYMIZED_V,float64,47.2935,6,"[1.0, 2.0, 3.0, 0.0, 4.0]"
V10,ANONYMIZED_V,float64,47.2935,4,"[0.0, 1.0, 2.0, 3.0]"
V11,ANONYMIZED_V,float64,47.2935,5,"[0.0, 1.0, 2.0, 4.0, 3.0]"
V12,ANONYMIZED_V,float64,12.8819,4,"[1.0, 0.0, 2.0, 3.0]"
V13,ANONYMIZED_V,float64,12.8819,6,"[1.0, 0.0, 2.0, 3.0, 4.0]"
V14,ANONYMIZED_V,float64,12.8819,2,"[1.0, 0.0]"
V15,ANONYMIZED_V,float64,12.8819,8,"[0.0, 1.0, 2.0, 3.0, 4.0]"
V16,ANONYMIZED_V,float64,12.8819,15,"[0.0, 1.0, 2.0, 3.0, 4.0]"
V17,ANONYMIZED_V,float64,12.8819,16,"[0.0, 1.0, 2.0, 3.0, 4.0]"
V18,ANONYMIZED_V,float64,12.8819,16,"[0.0, 1.0, 2.0, 3.0, 4.0]"
V19,ANONYMIZED_V,float64,12.8819,8,"[1.0, 0.0, 2.0, 3.0, 4.0]"
V20,ANONYMIZED_V,float64,12.8819,15,"[1.0, 2.0, 0.0, 3.0, 4.0]"
V21,ANONYMIZED_V,float64,12.8819,6,"[0.0, 1.0, 2.0, 3.0, 5.0]"
V22,ANONYMIZED_V,float64,12.8819,9,"[0.0, 1.0, 2.0, 3.0, 4.0]"
V23,ANONYMIZED_V,float64,12.8819,14,"[1.0, 2.0, 3.0, 0.0, 4.0]"
V24,ANONYMIZED_V,float64,12.8819,14,"[1.0, 3.0, 2.0, 0.0, 4.0]"
V25,ANONYMIZED_V,float64,12.8819,7,"[1.0, 2.0, 0.0, 3.0, 4.0]"
V26,ANONYMIZED_V,float64,12.8819,13,"[1.0, 2.0, 0.0, 3.0, 4.0]"
V27,ANONYMIZED_V,float64,12.8819,4,"[0.0, 1.0, 2.0, 4.0]"
V28,ANONYMIZED_V,float64,12.8819,4,"[0.0, 1.0, 2.0, 4.0]"
V29,ANONYMIZED_V,float64,12.8819,5,"[0.0, 1.0, 2.0, 3.0, 4.0]"
V30,ANONYMIZED_V,float64,12.8819,8,"[0.0, 1.0, 2.0, 4.0, 5.0]"
V31,ANONYMIZED_V,float64,12.8819,8,"[0.0, 1.0, 3.0, 2.0, 4.0]"
V32,ANONYMIZED_V,float64,12.8819,15,"[0.0, 1.0, 3.0, 2.0, 4.0]"
V33,ANONYMIZED_V,float64,12.8819,7,"[0.0, 1.0, 2.0, 3.0, 4.0]"
V34,ANONYMIZED_V,float64,12.8819,13,"[0.0, 1.0, 2.0, 3.0, 4.0]"
V35,ANONYMIZED_V,float64,28.6126,4,"[0.0, 1.0, 2.0, 3.0]"
V36,ANONYMIZED_V,float64,28.6126,5,"[0.0, 1.0, 2.0, 3.0, 4.0]"
V37,ANONYMIZED_V,float64,28.6126,19,"[1.0, 4.0, 5.0, 2.0, 3.0]"
V38,ANONYMIZED_V,float64,28.6126,27,"[1.0, 4.0, 2.0, 5.0, 3.0]"
V39,ANONYMIZED_V,float64,28.6126,15,"[0.0, 1.0, 2.0, 3.0, 4.0]"
V40,ANONYMIZED_V,float64,28.6126,15,"[0.0, 1.0, 2.0, 7.0, 3.0]"
V41,ANONYMIZED_V,float64,28.6126,2,"[1.0, 0.0]"
V42,ANONYMIZED_V,float64,28.6126,9,"[0.0, 1.0, 2.0, 3.0, 4.0]"
V43,ANONYMIZED_V,float64,28.6126,9,"[0.0, 1.0, 2.0, 3.0, 5.0]"
V44,ANONYMIZED_V,float64,28.6126,17,"[1.0, 2.0, 3.0, 4.0, 0.0]"
V45,ANONYMIZED_V,float64,28.6126,26,"[1.0, 2.0, 3.0, 4.0, 0.0]"
V46,ANONYMIZED_V,float64,28.6126,6,"[1.0, 2.0, 0.0, 3.0, 4.0]"
V47,ANONYMIZED_V,float64,28.6126,8,"[1.0, 2.0, 3.0, 0.0, 4.0]"
V48,ANONYMIZED_V,float64,28.6126,4,"[0.0, 1.0, 2.0, 3.0]"
V49,ANONYMIZED_V,float64,28.6126,6,"[0.0, 1.0, 2.0, 3.0, 4.0]"
V50,ANONYMIZED_V,float64,28.6126,6,"[0.0, 1.0, 2.0, 3.0, 4.0]"
V51,ANONYMIZED_V,float64,28.6126,6,"[0.0, 2.0, 1.0, 3.0, 4.0]"
V52,ANONYMIZED_V,float64,28.6126,8,"[0.0, 2.0, 1.0, 3.0, 4.0]"
V53,ANONYMIZED_V,float64,13.0552,5,"[1.0, 0.0, 2.0, 3.0, 5.0]"
V54,ANONYMIZED_V,float64,13.0552,6,"[1.0, 0.0, 2.0, 3.0, 5.0]"
V55,ANONYMIZED_V,float64,13.0552,15,"[1.0, 4.0, 2.0, 3.0, 5.0]"
V56,ANONYMIZED_V,float64,13.0552,18,"[1.0, 4.0, 2.0, 3.0, 5.0]"
V57,ANONYMIZED_V,float64,13.0552,7,"[0.0, 1.0, 2.0, 6.0, 3.0]"
V58,ANONYMIZED_V,float64,13.0552,8,"[0.0, 1.0, 2.0, 6.0, 7.0]"
V59,ANONYMIZED_V,float64,13.0552,11,"[0.0, 1.0, 2.0, 3.0, 4.0]"
V60,ANONYMIZED_V,float64,13.0552,11,"[0.0, 1.0, 2.0, 3.0, 5.0]"
V61,ANONYMIZED_V,float64,13.0552,7,"[1.0, 0.0, 2.0, 3.0, 6.0]"
V62,ANONYMIZED_V,float64,13.0552,8,"[1.0, 2.0, 0.0, 3.0, 6.0]"
V63,ANONYMIZED_V,float64,13.0552,8,"[0.0, 1.0, 2.0, 3.0, 4.0]"
V64,ANONYMIZED_V,float64,13.0552,8,"[0.0, 1.0, 2.0, 4.0, 3.0]"
V65,ANONYMIZED_V,float64,13.0552,2,"[1.0, 0.0]"
V66,ANONYMIZED_V,float64,13.0552,6,"[1.0, 2.0, 0.0, 5.0, 3.0]"
V67,ANONYMIZED_V,float64,13.0552,9,"[1.0, 2.0, 0.0, 3.0, 5.0]"
V68,ANONYMIZED_V,float64,13.0552,3,"[0.0, 1.0, 2.0]"
V69,ANONYMIZED_V,float64,13.0552,5,"[0.0, 1.0, 2.0, 3.0, 4.0]"
V70,ANONYMIZED_V,float64,13.0552,6,"[0.0, 1.0, 2.0, 4.0, 5.0]"
V71,ANONYMIZED_V,float64,13.0552,7,"[0.0, 1.0, 2.0, 6.0, 3.0]"
V72,ANONYMIZED_V,float64,13.0552,8,"[0.0, 1.0, 2.0, 6.0, 3.0]"
V73,ANONYMIZED_V,float64,13.0552,6,"[0.0, 2.0, 1.0, 5.0, 3.0]"
V74,ANONYMIZED_V,float64,13.0552,9,"[0.0, 2.0, 1.0, 3.0, 5.0]"
V75,ANONYMIZED_V,float64,15.0987,4,"[1.0, 0.0, 2.0, 3.0]"
V76,ANONYMIZED_V,float64,15.0987,6,"[1.0, 0.0, 3.0, 2.0, 4.0]"
V77,ANONYMIZED_V,float64,15.0987,18,"[1.0, 3.0, 4.0, 2.0, 5.0]"
V78,ANONYMIZED_V,float64,15.0987,25,"[1.0, 3.0, 2.0, 4.0, 5.0]"
V79,ANONYMIZED_V,float64,15.0987,8,"[0.0, 1.0, 2.0, 3.0, 4.0]"
V80,ANONYMIZED_V,float64,15.0987,20,"[0.0, 1.0, 2.0, 3.0, 4.0]"
V81,ANONYMIZED_V,float64,15.0987,20,"[0.0, 1.0, 2.0, 3.0, 4.0]"
V82,ANONYMIZED_V,float64,15.0987,8,"[0.0, 1.0, 2.0, 3.0, 4.0]"
V83,ANONYMIZED_V,float64,15.0987,8,"[0.0, 1.0, 2.0, 3.0, 4.0]"
V84,ANONYMIZED_V,float64,15.0987,8,"[0.0, 1.0, 2.0, 3.0, 4.0]"
V85,ANONYMIZED_V,float64,15.0987,8,"[0.0, 1.0, 2.0, 3.0, 5.0]"
V86,ANONYMIZED_V,float64,15.0987,18,"[1.0, 2.0, 3.0, 0.0, 4.0]"
V87,ANONYMIZED_V,float64,15.0987,19,"[1.0, 3.0, 2.0, 4.0, 0.0]"
V88,ANONYMIZED_V,float64,15.0987,2,"[1.0, 0.0]"
V89,ANONYMIZED_V,float64,15.0987,3,"[0.0, 1.0, 2.0]"
V90,ANONYMIZED_V,float64,15.0987,5,"[0.0, 1.0, 2.0, 3.0, 4.0]"
V91,ANONYMIZED_V,float64,15.0987,7,"[0.0, 1.0, 2.0, 4.0, 5.0]"
V92,ANONYMIZED_V,float64,15.0987,8,"[0.0, 1.0, 2.0, 3.0, 4.0]"
V93,ANONYMIZED_V,float64,15.0987,8,"[0.0, 1.0, 2.0, 3.0, 4.0]"
V94,ANONYMIZED_V,float64,15.0987,2,"[0.0, 1.0]"
V95,ANONYMIZED_V,float64,0.0532,28,"[0.0, 1.0, 2.0, 3.0, 8.0]"
V96,ANONYMIZED_V,float64,0.0532,127,"[1.0, 0.0, 48.0, 2.0, 7.0]"
V97,ANONYMIZED_V,float64,0.0532,49,"[0.0, 28.0, 2.0, 1.0, 3.0]"
V98,ANONYMIZED_V,float64,0.0532,8,"[0.0, 1.0, 2.0, 3.0, 4.0]"
V99,ANONYMIZED_V,float64,0.0532,81,"[0.0, 10.0, 1.0, 2.0, 5.0]"
V100,ANONYMIZED_V,float64,0.0532,24,"[0.0, 4.0, 1.0, 2.0, 3.0]"
V101,ANONYMIZED_V,float64,0.0532,21,"[0.0, 1.0, 2.0, 3.0, 8.0]"
V102,ANONYMIZED_V,float64,0.0532,116,"[1.0, 0.0, 38.0, 3.0, 15.0]"
V103,ANONYMIZED_V,float64,0.0532,46,"[0.0, 24.0, 1.0, 2.0, 4.0]"
V104,ANONYMIZED_V,float64,0.0532,16,"[0.0, 1.0, 2.0, 3.0, 4.0]"
V105,ANONYMIZED_V,float64,0.0532,39,"[0.0, 1.0, 2.0, 4.0, 3.0]"
V106,ANONYMIZED_V,float64,0.0532,24,"[0.0, 1.0, 2.0, 3.0, 4.0]"
V107,ANONYMIZED_V,float64,0.0532,1,[1.0]
V108,ANONYMIZED_V,float64,0.0532,7,"[1.0, 2.0, 3.0, 4.0, 5.0]"
V109,ANONYMIZED_V,float64,0.0532,7,"[1.0, 2.0, 3.0, 4.0, 5.0]"
V110,ANONYMIZED_V,float64,0.0532,7,"[1.0, 2.0, 3.0, 4.0, 5.0]"
V111,ANONYMIZED_V,float64,0.0532,9,"[1.0, 2.0, 3.0, 4.0, 5.0]"
V112,ANONYMIZED_V,float64,0.0532,9,"[1.0, 2.0, 3.0, 4.0, 5.0]"
V113,ANONYMIZED_V,float64,0.0532,9,"[1.0, 2.0, 3.0, 4.0, 5.0]"
V114,ANONYMIZED_V,float64,0.0532,6,"[1.0, 2.0, 3.0, 4.0, 5.0]"
V115,ANONYMIZED_V,float64,0.0532,6,"[1.0, 2.0, 3.0, 4.0, 5.0]"
V116,ANONYMIZED_V,float64,0.0532,6,"[1.0, 2.0, 3.0, 4.0, 5.0]"
V117,ANONYMIZED_V,float64,0.0532,3,"[1.0, 2.0, 3.0]"
V118,ANONYMIZED_V,float64,0.0532,3,"[1.0, 2.0, 3.0]"
V119,ANONYMIZED_V,float64,0.0532,3,"[1.0, 2.0, 3.0]"
V120,ANONYMIZED_V,float64,0.0532,3,"[1.0, 2.0, 3.0]"
V121,ANONYMIZED_V,float64,0.0532,3,"[1.0, 2.0, 3.0]"
V122,ANONYMIZED_V,float64,0.0532,3,"[1.0, 2.0, 3.0]"
V123,ANONYMIZED_V,float64,0.0532,13,"[1.0, 2.0, 3.0, 4.0, 5.0]"
V124,ANONYMIZED_V,float64,0.0532,13,"[1.0, 4.0, 2.0, 3.0, 5.0]"
V125,ANONYMIZED_V,float64,0.0532,13,"[1.0, 3.0, 2.0, 4.0, 5.0]"
V126,ANONYMIZED_V,float64,0.0532,4104,"[0.0, 50.0, 209.9499969482422, 29.0, 774.0]"
V127,ANONYMIZED_V,float64,0.0532,11272,"[117.0, 0.0, 1758.0, 60.0, 100.0]"
V128,ANONYMIZED_V,float64,0.0532,6423,"[0.0, 925.0, 102.5, 27.96999931335449, 417.8999938964844]"
V129,ANONYMIZED_V,float64,0.0532,1022,"[0.0, 209.9499969482422, 29.0, 58.95000076293945, 1054.0]"
V130,ANONYMIZED_V,float64,0.0532,6289,"[0.0, 354.0, 60.0, 100.0, 425.0]"
V131,ANONYMIZED_V,float64,0.0532,2347,"[0.0, 135.0, 34.0, 27.96999931335449, 209.9499969482422]"
V132,ANONYMIZED_V,float64,0.0532,2493,"[0.0, 50.0, 200.0, 530.0, 77.0]"
V133,ANONYMIZED_V,float64,0.0532,4300,"[117.0, 0.0, 1404.0, 68.5, 417.8999938964844]"
V134,ANONYMIZED_V,float64,0.0532,3458,"[0.0, 790.0, 68.5, 207.9499969482422, 1472.5]"
V135,ANONYMIZED_V,float64,0.0532,1502,"[0.0, 774.0, 50.0, 107.9499969482422, 200.0]"
V136,ANONYMIZED_V,float64,0.0532,2023,"[0.0, 24.0, 107.9499969482422, 774.0, 210.9499969482422]"
V137,ANONYMIZED_V,float64,0.0532,1715,"[0.0, 774.0, 50.0, 107.9499969482422, 200.0]"
V138,ANONYMIZED_V,float64,86.1237,23,"[0.0, 1.0, 2.0, 3.0, 4.0]"
V139,ANONYMIZED_V,float64,86.1237,34,"[0.0, 1.0, 2.0, 3.0, 4.0]"
V140,ANONYMIZED_V,float64,86.1237,34,"[0.0, 1.0, 2.0, 3.0, 4.0]"
V141,ANONYMIZED_V,float64,86.1237,6,"[0.0, 1.0, 2.0, 3.0, 4.0]"
V142,ANONYMIZED_V,float64,86.1237,7,"[0.0, 1.0, 3.0, 4.0, 2.0]"
V143,ANONYMIZED_V,float64,86.1227,55,"[6.0, 0.0, 5.0, 1.0, 7.0]"
V144,ANONYMIZED_V,float64,86.1227,63,"[18.0, 0.0, 17.0, 1.0, 19.0]"
V145,ANONYMIZED_V,float64,86.1227,255,"[140.0, 0.0, 141.0, 1.0, 142.0]"
V146,ANONYMIZED_V,float64,86.1237,12,"[0.0, 1.0, 2.0, 3.0, 7.0]"
V147,ANONYMIZED_V,float64,86.1237,17,"[0.0, 1.0, 2.0, 3.0, 7.0]"
V148,ANONYMIZED_V,float64,86.1237,9,"[0.0, 1.0, 2.0, 3.0, 4.0]"
V149,ANONYMIZED_V,float64,86.1237,16,"[0.0, 1.0, 2.0, 3.0, 4.0]"
V150,ANONYMIZED_V,float64,86.1227,1955,"[1803.0, 1804.0, 1805.0, 1806.0, 1.0]"
V151,ANONYMIZED_V,float64,86.1227,56,"[49.0, 1.0, 4.0, 50.0, 51.0]"
V152,ANONYMIZED_V,float64,86.1227,18,"[64.0, 1.0, 4.0, 2.0, 7.0]"
V153,ANONYMIZED_V,float64,86.1237,7,"[0.0, 1.0, 6.0, 2.0, 3.0]"
V154,ANONYMIZED_V,float64,86.1237,9,"[0.0, 1.0, 7.0, 2.0, 8.0]"
V155,ANONYMIZED_V,float64,86.1237,9,"[0.0, 1.0, 2.0, 7.0, 3.0]"
V156,ANONYMIZED_V,float64,86.1237,17,"[0.0, 1.0, 2.0, 8.0, 9.0]"
V157,ANONYMIZED_V,float64,86.1237,9,"[0.0, 1.0, 2.0, 7.0, 3.0]"
V158,ANONYMIZED_V,float64,86.1237,17,"[0.0, 1.0, 2.0, 8.0, 3.0]"
V159,ANONYMIZED_V,float64,86.1227,6129,"[15557.990234375, 15607.990234375, 15622.990234375, 15652.990234375, 15672.990234375]"
V160,ANONYMIZED_V,float64,86.1227,7994,"[169690.796875, 169740.796875, 169755.796875, 169785.796875, 169885.796875]"
V161,ANONYMIZED_V,float64,86.1237,54,"[0.0, 500.0, 30.0, 50.0, 20.0]"
V162,ANONYMIZED_V,float64,86.1237,87,"[0.0, 500.0, 70.0, 50.0, 130.0]"
V163,ANONYMIZED_V,float64,86.1237,62,"[0.0, 500.0, 70.0, 50.0, 100.0]"
V164,ANONYMIZED_V,float64,86.1227,637,"[515.0, 0.0, 475.0, 575.0, 50.0]"
V165,ANONYMIZED_V,float64,86.1227,976,"[5155.0, 0.0, 5255.0, 50.0, 250.0]"
V166,ANONYMIZED_V,float64,86.1227,827,"[2840.0, 0.0, 2740.0, 2790.0, 2490.0]"
V167,ANONYMIZED_V,float64,76.3554,59,"[0.0, 3.0, 4.0, 1.0, 5.0]"
V168,ANONYMIZED_V,float64,76.3554,213,"[0.0, 3.0, 1.0, 4.0, 2.0]"
V169,ANONYMIZED_V,float64,76.3235,20,"[0.0, 3.0, 4.0, 5.0, 1.0]"
V170,ANONYMIZED_V,float64,76.3235,30,"[1.0, 4.0, 5.0, 2.0, 6.0]"
V171,ANONYMIZED_V,float64,76.3235,30,"[1.0, 4.0, 5.0, 2.0, 6.0]"
V172,ANONYMIZED_V,float64,76.3554,32,"[0.0, 2.0, 3.0, 1.0, 4.0]"
V173,ANONYMIZED_V,float64,76.3554,8,"[0.0, 1.0, 2.0, 3.0, 4.0]"
V174,ANONYMIZED_V,float64,76.3235,9,"[0.0, 2.0, 1.0, 3.0, 4.0]"
V175,ANONYMIZED_V,float64,76.3235,10,"[0.0, 2.0, 1.0, 3.0, 4.0]"
V176,ANONYMIZED_V,float64,76.3554,48,"[1.0, 4.0, 5.0, 6.0, 2.0]"
V177,ANONYMIZED_V,float64,76.3554,30,"[0.0, 1.0, 2.0, 3.0, 4.0]"
V178,ANONYMIZED_V,float64,76.3554,124,"[0.0, 1.0, 2.0, 6.0, 7.0]"
V179,ANONYMIZED_V,float64,76.3554,67,"[0.0, 1.0, 2.0, 7.0, 3.0]"
V180,ANONYMIZED_V,float64,76.3235,66,"[0.0, 1.0, 2.0, 8.0, 3.0]"
V181,ANONYMIZED_V,float64,76.3554,16,"[0.0, 1.0, 2.0, 3.0, 4.0]"
V182,ANONYMIZED_V,float64,76.3554,50,"[0.0, 1.0, 2.0, 4.0, 3.0]"
V183,ANONYMIZED_V,float64,76.3554,30,"[0.0, 1.0, 2.0, 3.0, 4.0]"
V184,ANONYMIZED_V,float64,76.3235,12,"[0.0, 1.0, 2.0, 3.0, 4.0]"
V185,ANONYMIZED_V,float64,76.3235,17,"[0.0, 1.0, 2.0, 3.0, 5.0]"
V186,ANONYMIZED_V,float64,76.3554,38,"[1.0, 2.0, 4.0, 5.0, 3.0]"
V187,ANONYMIZED_V,float64,76.3554,203,"[1.0, 2.0, 4.0, 3.0, 85.0]"
V188,ANONYMIZED_V,float64,76.3235,18,"[1.0, 2.0, 0.0, 4.0, 3.0]"
V189,ANONYMIZED_V,float64,76.3235,18,"[1.0, 2.0, 0.0, 4.0, 3.0]"
V190,ANONYMIZED_V,float64,76.3554,40,"[1.0, 2.0, 4.0, 3.0, 5.0]"
V191,ANONYMIZED_V,float64,76.3554,21,"[1.0, 4.0, 2.0, 5.0, 3.0]"
V192,ANONYMIZED_V,float64,76.3554,41,"[1.0, 4.0, 2.0, 30.0, 16.0]"
V193,ANONYMIZED_V,float64,76.3554,37,"[1.0, 4.0, 2.0, 18.0, 14.0]"
V194,ANONYMIZED_V,float64,76.3235,7,"[1.0, 0.0, 4.0, 2.0, 6.0]"
V195,ANONYMIZED_V,float64,76.3235,9,"[1.0, 0.0, 4.0, 2.0, 7.0]"
V196,ANONYMIZED_V,float64,76.3554,38,"[1.0, 4.0, 2.0, 5.0, 3.0]"
V197,ANONYMIZED_V,float64,76.3235,10,"[1.0, 0.0, 4.0, 2.0, 7.0]"
V198,ANONYMIZED_V,float64,76.3235,13,"[1.0, 0.0, 4.0, 2.0, 3.0]"
V199,ANONYMIZED_V,float64,76.3554,43,"[1.0, 2.0, 3.0, 4.0, 5.0]"
V200,ANONYMIZED_V,float64,76.3235,29,"[1.0, 2.0, 0.0, 3.0, 4.0]"
V201,ANONYMIZED_V,float64,76.3235,29,"[1.0, 2.0, 0.0, 3.0, 4.0]"
V202,ANONYMIZED_V,float64,76.3554,3422,"[0.0, 166.21539306640625, 242.1029052734375, 100.0, 50.0]"
V203,ANONYMIZED_V,float64,76.3554,4952,"[0.0, 166.21539306640625, 125.0, 242.1029052734375, 140.0]"
V204,ANONYMIZED_V,float64,76.3554,4207,"[0.0, 166.21539306640625, 25.0, 242.1029052734375, 40.0]"
V205,ANONYMIZED_V,float64,76.3554,939,"[0.0, 90.3279037475586, 166.21539306640625, 30.0, 8.640600204467772]"
V206,ANONYMIZED_V,float64,76.3554,688,"[0.0, 31.84129905700684, 107.72879791259766, 8.640600204467772, 500.0]"
V207,ANONYMIZED_V,float64,76.3554,1372,"[0.0, 90.3279037475586, 25.0, 40.0, 166.21539306640625]"
V208,ANONYMIZED_V,float64,76.3235,986,"[0.0, 90.3279037475586, 30.0, 50.0, 125.0]"
V209,ANONYMIZED_V,float64,76.3235,1260,"[0.0, 90.3279037475586, 125.0, 140.0, 166.21539306640625]"
V210,ANONYMIZED_V,float64,76.3235,1067,"[0.0, 90.3279037475586, 30.0, 50.0, 125.0]"
V211,ANONYMIZED_V,float64,76.3554,2112,"[0.0, 100.0, 37.097900390625, 74.19580078125, 48.63809967041016]"
V212,ANONYMIZED_V,float64,76.3554,2610,"[0.0, 100.0, 37.097900390625, 74.19580078125, 48.63809967041016]"
V213,ANONYMIZED_V,float64,76.3554,2411,"[0.0, 100.0, 37.097900390625, 74.19580078125, 48.63809967041016]"
V214,ANONYMIZED_V,float64,76.3554,807,"[0.0, 75.88749694824219, 151.77499389648438, 50.0, 200.0]"
V215,ANONYMIZED_V,float64,76.3554,989,"[0.0, 75.88749694824219, 151.77499389648438, 50.0, 200.0]"
V216,ANONYMIZED_V,float64,76.3554,903,"[0.0, 75.88749694824219, 151.77499389648438, 50.0, 200.0]"
V217,ANONYMIZED_V,float64,77.9134,25,"[0.0, 3.0, 4.0, 1.0, 5.0]"
V218,ANONYMIZED_V,float64,77.9134,96,"[0.0, 3.0, 4.0, 2.0, 1.0]"
V219,ANONYMIZED_V,float64,77.9134,60,"[0.0, 3.0, 4.0, 1.0, 5.0]"
V220,ANONYMIZED_V,float64,76.0531,24,"[0.0, 3.0, 4.0, 5.0, 1.0]"
V221,ANONYMIZED_V,float64,76.0531,53,"[1.0, 4.0, 5.0, 0.0, 2.0]"
V222,ANONYMIZED_V,float64,76.0531,57,"[1.0, 4.0, 5.0, 0.0, 2.0]"
V223,ANONYMIZED_V,float64,77.9134,17,"[0.0, 2.0, 3.0, 1.0, 6.0]"
V224,ANONYMIZED_V,float64,77.9134,77,"[0.0, 2.0, 3.0, 1.0, 107.0]"
V225,ANONYMIZED_V,float64,77.9134,28,"[0.0, 2.0, 3.0, 1.0, 42.0]"
V226,ANONYMIZED_V,float64,77.9134,25,"[0.0, 1.0, 2.0, 3.0, 4.0]"
V227,ANONYMIZED_V,float64,76.0531,37,"[0.0, 2.0, 3.0, 1.0, 4.0]"
V228,ANONYMIZED_V,float64,77.9134,23,"[1.0, 4.0, 5.0, 6.0, 2.0]"
V229,ANONYMIZED_V,float64,77.9134,70,"[1.0, 4.0, 5.0, 2.0, 6.0]"
V230,ANONYMIZED_V,float64,77.9134,48,"[1.0, 4.0, 5.0, 6.0, 2.0]"
V231,ANONYMIZED_V,float64,77.9134,24,"[0.0, 1.0, 2.0, 3.0, 4.0]"
V232,ANONYMIZED_V,float64,77.9134,41,"[0.0, 2.0, 1.0, 3.0, 33.0]"
V233,ANONYMIZED_V,float64,77.9134,28,"[0.0, 1.0, 2.0, 3.0, 18.0]"
V234,ANONYMIZED_V,float64,76.0531,114,"[0.0, 1.0, 2.0, 35.0, 3.0]"
V235,ANONYMIZED_V,float64,77.9134,16,"[0.0, 1.0, 2.0, 3.0, 4.0]"
V236,ANONYMIZED_V,float64,77.9134,29,"[0.0, 1.0, 2.0, 29.0, 3.0]"
V237,ANONYMIZED_V,float64,77.9134,17,"[0.0, 1.0, 2.0, 13.0, 3.0]"
V238,ANONYMIZED_V,float64,76.0531,18,"[0.0, 1.0, 2.0, 3.0, 4.0]"
V239,ANONYMIZED_V,float64,76.0531,18,"[0.0, 1.0, 2.0, 3.0, 4.0]"
V240,ANONYMIZED_V,float64,77.9134,5,"[1.0, 2.0, 5.0, 6.0, 7.0]"
V241,ANONYMIZED_V,float64,77.9134,4,"[1.0, 2.0, 4.0, 5.0]"
V242,ANONYMIZED_V,float64,77.9134,18,"[1.0, 2.0, 7.0, 4.0, 8.0]"
V243,ANONYMIZED_V,float64,77.9134,41,"[1.0, 2.0, 49.0, 4.0, 3.0]"
V244,ANONYMIZED_V,float64,77.9134,18,"[1.0, 2.0, 7.0, 4.0, 8.0]"
V245,ANONYMIZED_V,float64,76.0531,39,"[1.0, 2.0, 0.0, 3.0, 7.0]"
V246,ANONYMIZED_V,float64,77.9134,20,"[1.0, 2.0, 7.0, 4.0, 3.0]"
V247,ANONYMIZED_V,float64,77.9134,12,"[1.0, 6.0, 4.0, 2.0, 7.0]"
V248,ANONYMIZED_V,float64,77.9134,15,"[1.0, 2.0, 35.0, 4.0, 3.0]"
V249,ANONYMIZED_V,float64,77.9134,15,"[1.0, 21.0, 4.0, 3.0, 2.0]"
V250,ANONYMIZED_V,float64,76.0531,14,"[1.0, 0.0, 2.0, 6.0, 3.0]"
V251,ANONYMIZED_V,float64,76.0531,14,"[1.0, 0.0, 2.0, 7.0, 8.0]"
V252,ANONYMIZED_V,float64,77.9134,18,"[1.0, 7.0, 4.0, 2.0, 8.0]"
V253,ANONYMIZED_V,float64,77.9134,58,"[1.0, 2.0, 131.0, 4.0, 3.0]"
V254,ANONYMIZED_V,float64,77.9134,38,"[1.0, 2.0, 54.0, 4.0, 3.0]"
V255,ANONYMIZED_V,float64,76.0531,34,"[1.0, 0.0, 2.0, 7.0, 3.0]"
V256,ANONYMIZED_V,float64,76.0531,40,"[1.0, 0.0, 2.0, 8.0, 9.0]"
V257,ANONYMIZED_V,float64,77.9134,20,"[1.0, 2.0, 3.0, 7.0, 4.0]"
V258,ANONYMIZED_V,float64,77.9134,45,"[1.0, 2.0, 3.0, 60.0, 4.0]"
V259,ANONYMIZED_V,float64,76.0531,45,"[1.0, 2.0, 0.0, 3.0, 5.0]"
V260,ANONYMIZED_V,float64,77.9134,8,"[1.0, 0.0, 2.0, 4.0, 3.0]"
V261,ANONYMIZED_V,float64,77.9134,40,"[1.0, 0.0, 2.0, 3.0, 37.0]"
V262,ANONYMIZED_V,float64,77.9134,21,"[1.0, 0.0, 17.0, 4.0, 2.0]"
V263,ANONYMIZED_V,float64,77.9134,3406,"[0.0, 166.21539306640625, 242.1029052734375, 100.0, 50.0]"
V264,ANONYMIZED_V,float64,77.9134,4677,"[0.0, 166.21539306640625, 242.1029052734375, 50.0, 100.0]"
V265,ANONYMIZED_V,float64,77.9134,3967,"[0.0, 166.21539306640625, 242.1029052734375, 100.0, 50.0]"
V266,ANONYMIZED_V,float64,77.9134,831,"[0.0, 90.3279037475586, 166.21539306640625, 8.640600204467772, 750.0]"
V267,ANONYMIZED_V,float64,77.9134,1483,"[0.0, 90.3279037475586, 166.21539306640625, 8.640600204467772, 17.703100204467773]"
V268,ANONYMIZED_V,float64,77.9134,1099,"[0.0, 90.3279037475586, 166.21539306640625, 8.640600204467772, 10875.0]"
V269,ANONYMIZED_V,float64,77.9134,102,"[0.0, 750.0, 500.0, 6.0, 950.0]"
V270,ANONYMIZED_V,float64,76.0531,927,"[0.0, 90.3279037475586, 166.21539306640625, 16.857200622558597, 500.0]"
V271,ANONYMIZED_V,float64,76.0531,1098,"[0.0, 90.3279037475586, 166.21539306640625, 8.640600204467772, 16.857200622558597]"
V272,ANONYMIZED_V,float64,76.0531,996,"[0.0, 90.3279037475586, 166.21539306640625, 8.640600204467772, 16.857200622558597]"
V273,ANONYMIZED_V,float64,77.9134,2172,"[0.0, 100.0, 37.097900390625, 74.19580078125, 48.63809967041016]"
V274,ANONYMIZED_V,float64,77.9134,2613,"[0.0, 50.0, 100.0, 70.08719635009766, 37.097900390625]"
V275,ANONYMIZED_V,float64,77.9134,2396,"[0.0, 100.0, 70.08719635009766, 37.097900390625, 74.19580078125]"
V276,ANONYMIZED_V,float64,77.9134,807,"[0.0, 75.88749694824219, 151.77499389648438, 50.0, 200.0]"
V277,ANONYMIZED_V,float64,77.9134,950,"[0.0, 75.88749694824219, 151.77499389648438, 50.0, 200.0]"
V278,ANONYMIZED_V,float64,77.9134,885,"[0.0, 75.88749694824219, 151.77499389648438, 50.0, 200.0]"
V279,ANONYMIZED_V,float64,0.002,49,"[0.0, 1.0, 3.0, 2.0, 4.0]"
V280,ANONYMIZED_V,float64,0.002,103,"[0.0, 28.0, 3.0, 2.0, 1.0]"
V281,ANONYMIZED_V,float64,0.2149,23,"[0.0, 3.0, 1.0, 2.0, 4.0]"
V282,ANONYMIZED_V,float64,0.2149,33,"[1.0, 0.0, 4.0, 2.0, 3.0]"
V283,ANONYMIZED_V,float64,0.2149,39,"[1.0, 0.0, 4.0, 2.0, 3.0]"
V284,ANONYMIZED_V,float64,0.002,8,"[0.0, 2.0, 1.0, 3.0, 4.0]"
V285,ANONYMIZED_V,float64,0.002,81,"[0.0, 10.0, 2.0, 1.0, 5.0]"
V286,ANONYMIZED_V,float64,0.002,5,"[0.0, 1.0, 2.0, 3.0, 4.0]"
V287,ANONYMIZED_V,float64,0.002,24,"[0.0, 4.0, 2.0, 1.0, 3.0]"
V288,ANONYMIZED_V,float64,0.2149,9,"[0.0, 2.0, 1.0, 3.0, 4.0]"
V289,ANONYMIZED_V,float64,0.2149,10,"[0.0, 2.0, 1.0, 4.0, 3.0]"
V290,ANONYMIZED_V,float64,0.002,50,"[1.0, 4.0, 2.0, 3.0, 5.0]"
V291,ANONYMIZED_V,float64,0.002,87,"[1.0, 4.0, 2.0, 3.0, 5.0]"
V292,ANONYMIZED_V,float64,0.002,59,"[1.0, 4.0, 2.0, 3.0, 5.0]"
V293,ANONYMIZED_V,float64,0.002,50,"[0.0, 1.0, 2.0, 3.0, 4.0]"
V294,ANONYMIZED_V,float64,0.002,176,"[1.0, 0.0, 38.0, 17.0, 18.0]"
V295,ANONYMIZED_V,float64,0.002,106,"[0.0, 24.0, 1.0, 4.0, 5.0]"
V296,ANONYMIZED_V,float64,0.2149,56,"[0.0, 1.0, 3.0, 2.0, 6.0]"
V297,ANONYMIZED_V,float64,0.002,13,"[0.0, 1.0, 2.0, 3.0, 4.0]"
V298,ANONYMIZED_V,float64,0.002,44,"[0.0, 1.0, 2.0, 6.0, 3.0]"
V299,ANONYMIZED_V,float64,0.002,24,"[0.0, 1.0, 2.0, 3.0, 4.0]"
V300,ANONYMIZED_V,float64,0.2149,12,"[0.0, 1.0, 2.0, 3.0, 4.0]"
V301,ANONYMIZED_V,float64,0.2149,12,"[0.0, 1.0, 2.0, 3.0, 4.0]"
V302,ANONYMIZED_V,float64,0.002,11,"[0.0, 1.0, 2.0, 3.0, 4.0]"
V303,ANONYMIZED_V,float64,0.002,14,"[0.0, 1.0, 2.0, 7.0, 4.0]"
V304,ANONYMIZED_V,float64,0.002,11,"[0.0, 1.0, 2.0, 3.0, 7.0]"
V305,ANONYMIZED_V,float64,0.002,2,"[1.0, 2.0]"
V306,ANONYMIZED_V,float64,0.002,6180,"[0.0, 50.0, 166.21539306640625, 29.0, 774.0]"
V307,ANONYMIZED_V,float64,0.002,16164,"[117.0, 0.0, 1758.0, 166.21539306640625, 60.0]"
V308,ANONYMIZED_V,float64,0.002,9411,"[0.0, 925.0, 166.21539306640625, 102.5, 27.96999931335449]"
V309,ANONYMIZED_V,float64,0.002,1819,"[0.0, 90.3279037475586, 29.0, 58.95000076293945, 1054.0]"
V310,ANONYMIZED_V,float64,0.002,8945,"[0.0, 354.0, 90.3279037475586, 60.0, 100.0]"
V311,ANONYMIZED_V,float64,0.002,1280,"[0.0, 31.84129905700684, 29.0, 42.596099853515625, 75.88749694824219]"
V312,ANONYMIZED_V,float64,0.002,3588,"[0.0, 135.0, 90.3279037475586, 34.0, 27.96999931335449]"
V313,ANONYMIZED_V,float64,0.2149,2475,"[0.0, 90.3279037475586, 29.0, 226.0, 49.0]"
V314,ANONYMIZED_V,float64,0.2149,5116,"[0.0, 495.0, 90.3279037475586, 50.0, 93.0]"
V315,ANONYMIZED_V,float64,0.2149,3138,"[0.0, 90.3279037475586, 29.0, 926.0, 49.0]"
V316,ANONYMIZED_V,float64,0.002,3627,"[0.0, 50.0, 200.0, 530.0, 500.0]"
V317,ANONYMIZED_V,float64,0.002,6358,"[117.0, 0.0, 1404.0, 68.5, 7013.5]"
V318,ANONYMIZED_V,float64,0.002,4960,"[0.0, 790.0, 68.5, 1472.5, 1672.5]"
V319,ANONYMIZED_V,float64,0.002,1820,"[0.0, 75.88749694824219, 774.0, 50.0, 107.9499969482422]"
V320,ANONYMIZED_V,float64,0.002,2570,"[0.0, 75.88749694824219, 170.0, 774.0, 210.9499969482422]"
V321,ANONYMIZED_V,float64,0.002,2114,"[0.0, 75.88749694824219, 774.0, 50.0, 107.9499969482422]"
V322,ANONYMIZED_V,float64,86.055,33,"[0.0, 1.0, 2.0, 3.0, 4.0]"
V323,ANONYMIZED_V,float64,86.055,46,"[0.0, 6.0, 4.0, 1.0, 2.0]"
V324,ANONYMIZED_V,float64,86.055,34,"[0.0, 1.0, 2.0, 3.0, 4.0]"
V325,ANONYMIZED_V,float64,86.055,8,"[0.0, 1.0, 2.0, 3.0, 4.0]"
V326,ANONYMIZED_V,float64,86.055,45,"[0.0, 6.0, 4.0, 1.0, 26.0]"
V327,ANONYMIZED_V,float64,86.055,13,"[0.0, 1.0, 2.0, 10.0, 6.0]"
V328,ANONYMIZED_V,float64,86.055,16,"[0.0, 1.0, 2.0, 3.0, 4.0]"
V329,ANONYMIZED_V,float64,86.055,25,"[0.0, 1.0, 2.0, 3.0, 4.0]"
V330,ANONYMIZED_V,float64,86.055,16,"[0.0, 1.0, 2.0, 3.0, 4.0]"
V331,ANONYMIZED_V,float64,86.055,285,"[0.0, 100.0, 50.0, 200.0, 300.0]"
V332,ANONYMIZED_V,float64,86.055,632,"[0.0, 145.0, 140.0, 125.0, 100.0]"
V333,ANONYMIZED_V,float64,86.055,438,"[0.0, 25.0, 40.0, 100.0, 50.0]"
V334,ANONYMIZED_V,float64,86.055,85,"[0.0, 35.0, 6.0, 50.0, 30.0]"
V335,ANONYMIZED_V,float64,86.055,355,"[0.0, 145.0, 140.0, 125.0, 30.0]"
V336,ANONYMIZED_V,float64,86.055,190,"[0.0, 25.0, 40.0, 35.0, 22.0]"
V337,ANONYMIZED_V,float64,86.055,126,"[0.0, 50.0, 200.0, 100.0, 300.0]"
V338,ANONYMIZED_V,float64,86.055,168,"[0.0, 50.0, 200.0, 100.0, 300.0]"
V339,ANONYMIZED_V,float64,86.055,144,"[0.0, 50.0, 200.0, 100.0, 300.0]"
