column,group,dtype,missing_pct,drop_reason
TransactionID,L_IDENTIFIER,int64,0.0,Identifier
isFraud,M_TARGET,int64,0.0,Target
TransactionDT,K_TEMPORAL,int64,0.0,Converted to cyclic features
TransactionAmt,A_TRANSACTION,float64,0.0,
ProductCD,A_TRANSACTION,str,0.0,
card1,B_CARD,int64,0.0,
card2,B_CARD,float64,1.51,
card3,B_CARD,float64,0.27,
card4,B_CARD,str,0.27,
card5,B_CARD,float64,0.72,
card6,B_CARD,str,0.27,
addr1,C_ADDRESS,float64,11.13,
addr2,C_ADDRESS,float64,11.13,
dist1,E_DISTANCE,float64,59.65,
dist2,E_DISTANCE,float64,93.63,High missingness (>80%)
P_emaildomain,D_EMAIL,str,15.99,
R_emaildomain,D_EMAIL,str,76.75,
C1,F_COUNTING,float64,0.0,
C2,F_COUNTING,float64,0.0,
C3,F_COUNTING,float64,0.0,
C4,F_COUNTING,float64,0.0,
C5,F_COUNTING,float64,0.0,
C6,F_COUNTING,float64,0.0,
C7,F_COUNTING,float64,0.0,
C8,F_COUNTING,float64,0.0,
C9,F_COUNTING,float64,0.0,
C10,F_COUNTING,float64,0.0,
C11,F_COUNTING,float64,0.0,
C12,F_COUNTING,float64,0.0,
C13,F_COUNTING,float64,0.0,
C14,F_COUNTING,float64,0.0,
D1,G_TIMEDELTA,float64,0.21,
D2,G_TIMEDELTA,float64,47.55,
D3,G_TIMEDELTA,float64,44.51,
D4,G_TIMEDELTA,float64,28.6,
D5,G_TIMEDELTA,float64,52.47,
D6,G_TIMEDELTA,float64,87.61,High missingness (>80%)
D7,G_TIMEDELTA,float64,93.41,High missingness (>80%)
D8,G_TIMEDELTA,float64,87.31,High missingness (>80%)
D9,G_TIMEDELTA,float64,87.31,High missingness (>80%)
D10,G_TIMEDELTA,float64,12.87,
D11,G_TIMEDELTA,float64,47.29,
D12,G_TIMEDELTA,float64,89.04,High missingness (>80%)
D13,G_TIMEDELTA,float64,89.51,High missingness (>80%)
D14,G_TIMEDELTA,float64,89.47,High missingness (>80%)
D15,G_TIMEDELTA,float64,15.09,
M1,H_MATCH_FLAG,str,45.91,
M2,H_MATCH_FLAG,str,45.91,
M3,H_MATCH_FLAG,str,45.91,
M4,H_MATCH_FLAG,str,47.66,
M5,H_MATCH_FLAG,str,59.35,
M6,H_MATCH_FLAG,str,28.68,
M7,H_MATCH_FLAG,str,58.64,
M8,H_MATCH_FLAG,str,58.63,
M9,H_MATCH_FLAG,str,58.63,
V1,I_ANONYMIZED_V,float64,47.29,
V2,I_ANONYMIZED_V,float64,47.29,
V3,I_ANONYMIZED_V,float64,47.29,
V4,I_ANONYMIZED_V,float64,47.29,
V5,I_ANONYMIZED_V,float64,47.29,
V6,I_ANONYMIZED_V,float64,47.29,
V7,I_ANONYMIZED_V,float64,47.29,
V8,I_ANONYMIZED_V,float64,47.29,
V9,I_ANONYMIZED_V,float64,47.29,
V10,I_ANONYMIZED_V,float64,47.29,
V11,I_ANONYMIZED_V,float64,47.29,
V12,I_ANONYMIZED_V,float64,12.88,
V13,I_ANONYMIZED_V,float64,12.88,
V14,I_ANONYMIZED_V,float64,12.88,
V15,I_ANONYMIZED_V,float64,12.88,
V16,I_ANONYMIZED_V,float64,12.88,
V17,I_ANONYMIZED_V,float64,12.88,
V18,I_ANONYMIZED_V,float64,12.88,
V19,I_ANONYMIZED_V,float64,12.88,
V20,I_ANONYMIZED_V,float64,12.88,
V21,I_ANONYMIZED_V,float64,12.88,
V22,I_ANONYMIZED_V,float64,12.88,
V23,I_ANONYMIZED_V,float64,12.88,
V24,I_ANONYMIZED_V,float64,12.88,
V25,I_ANONYMIZED_V,float64,12.88,
V26,I_ANONYMIZED_V,float64,12.88,
V27,I_ANONYMIZED_V,float64,12.88,
V28,I_ANONYMIZED_V,float64,12.88,
V29,I_ANONYMIZED_V,float64,12.88,
V30,I_ANONYMIZED_V,float64,12.88,
V31,I_ANONYMIZED_V,float64,12.88,
V32,I_ANONYMIZED_V,float64,12.88,
V33,I_ANONYMIZED_V,float64,12.88,
V34,I_ANONYMIZED_V,float64,12.88,
V35,I_ANONYMIZED_V,float64,28.61,
V36,I_ANONYMIZED_V,float64,28.61,
V37,I_ANONYMIZED_V,float64,28.61,
V38,I_ANONYMIZED_V,float64,28.61,
V39,I_ANONYMIZED_V,float64,28.61,
V40,I_ANONYMIZED_V,float64,28.61,
V41,I_ANONYMIZED_V,float64,28.61,
V42,I_ANONYMIZED_V,float64,28.61,
V43,I_ANONYMIZED_V,float64,28.61,
V44,I_ANONYMIZED_V,float64,28.61,
V45,I_ANONYMIZED_V,float64,28.61,
V46,I_ANONYMIZED_V,float64,28.61,
V47,I_ANONYMIZED_V,float64,28.61,
V48,I_ANONYMIZED_V,float64,28.61,
V49,I_ANONYMIZED_V,float64,28.61,
V50,I_ANONYMIZED_V,float64,28.61,
V51,I_ANONYMIZED_V,float64,28.61,
V52,I_ANONYMIZED_V,float64,28.61,
V53,I_ANONYMIZED_V,float64,13.06,
V54,I_ANONYMIZED_V,float64,13.06,
V55,I_ANONYMIZED_V,float64,13.06,
V56,I_ANONYMIZED_V,float64,13.06,
V57,I_ANONYMIZED_V,float64,13.06,
V58,I_ANONYMIZED_V,float64,13.06,
V59,I_ANONYMIZED_V,float64,13.06,
V60,I_ANONYMIZED_V,float64,13.06,
V61,I_ANONYMIZED_V,float64,13.06,
V62,I_ANONYMIZED_V,float64,13.06,
V63,I_ANONYMIZED_V,float64,13.06,
V64,I_ANONYMIZED_V,float64,13.06,
V65,I_ANONYMIZED_V,float64,13.06,
V66,I_ANONYMIZED_V,float64,13.06,
V67,I_ANONYMIZED_V,float64,13.06,
V68,I_ANONYMIZED_V,float64,13.06,
V69,I_ANONYMIZED_V,float64,13.06,
V70,I_ANONYMIZED_V,float64,13.06,
V71,I_ANONYMIZED_V,float64,13.06,
V72,I_ANONYMIZED_V,float64,13.06,
V73,I_ANONYMIZED_V,float64,13.06,
V74,I_ANONYMIZED_V,float64,13.06,
V75,I_ANONYMIZED_V,float64,15.1,
V76,I_ANONYMIZED_V,float64,15.1,
V77,I_ANONYMIZED_V,float64,15.1,
V78,I_ANONYMIZED_V,float64,15.1,
V79,I_ANONYMIZED_V,float64,15.1,
V80,I_ANONYMIZED_V,float64,15.1,
V81,I_ANONYMIZED_V,float64,15.1,
V82,I_ANONYMIZED_V,float64,15.1,
V83,I_ANONYMIZED_V,float64,15.1,
V84,I_ANONYMIZED_V,float64,15.1,
V85,I_ANONYMIZED_V,float64,15.1,
V86,I_ANONYMIZED_V,float64,15.1,
V87,I_ANONYMIZED_V,float64,15.1,
V88,I_ANONYMIZED_V,float64,15.1,
V89,I_ANONYMIZED_V,float64,15.1,
V90,I_ANONYMIZED_V,float64,15.1,
V91,I_ANONYMIZED_V,float64,15.1,
V92,I_ANONYMIZED_V,float64,15.1,
V93,I_ANONYMIZED_V,float64,15.1,
V94,I_ANONYMIZED_V,float64,15.1,
V95,I_ANONYMIZED_V,float64,0.05,
V96,I_ANONYMIZED_V,float64,0.05,
V97,I_ANONYMIZED_V,float64,0.05,
V98,I_ANONYMIZED_V,float64,0.05,
V99,I_ANONYMIZED_V,float64,0.05,
V100,I_ANONYMIZED_V,float64,0.05,
V101,I_ANONYMIZED_V,float64,0.05,
V102,I_ANONYMIZED_V,float64,0.05,
V103,I_ANONYMIZED_V,float64,0.05,
V104,I_ANONYMIZED_V,float64,0.05,
V105,I_ANONYMIZED_V,float64,0.05,
V106,I_ANONYMIZED_V,float64,0.05,
V107,I_ANONYMIZED_V,float64,0.05,
V108,I_ANONYMIZED_V,float64,0.05,
V109,I_ANONYMIZED_V,float64,0.05,
V110,I_ANONYMIZED_V,float64,0.05,
V111,I_ANONYMIZED_V,float64,0.05,
V112,I_ANONYMIZED_V,float64,0.05,
V113,I_ANONYMIZED_V,float64,0.05,
V114,I_ANONYMIZED_V,float64,0.05,
V115,I_ANONYMIZED_V,float64,0.05,
V116,I_ANONYMIZED_V,float64,0.05,
V117,I_ANONYMIZED_V,float64,0.05,
V118,I_ANONYMIZED_V,float64,0.05,
V119,I_ANONYMIZED_V,float64,0.05,
V120,I_ANONYMIZED_V,float64,0.05,
V121,I_ANONYMIZED_V,float64,0.05,
V122,I_ANONYMIZED_V,float64,0.05,
V123,I_ANONYMIZED_V,float64,0.05,
V124,I_ANONYMIZED_V,float64,0.05,
V125,I_ANONYMIZED_V,float64,0.05,
V126,I_ANONYMIZED_V,float64,0.05,
V127,I_ANONYMIZED_V,float64,0.05,
V128,I_ANONYMIZED_V,float64,0.05,
V129,I_ANONYMIZED_V,float64,0.05,
V130,I_ANONYMIZED_V,float64,0.05,
V131,I_ANONYMIZED_V,float64,0.05,
V132,I_ANONYMIZED_V,float64,0.05,
V133,I_ANONYMIZED_V,float64,0.05,
V134,I_ANONYMIZED_V,float64,0.05,
V135,I_ANONYMIZED_V,float64,0.05,
V136,I_ANONYMIZED_V,float64,0.05,
V137,I_ANONYMIZED_V,float64,0.05,
V138,I_ANONYMIZED_V,float64,86.12,
V139,I_ANONYMIZED_V,float64,86.12,
V140,I_ANONYMIZED_V,float64,86.12,
V141,I_ANONYMIZED_V,float64,86.12,
V142,I_ANONYMIZED_V,float64,86.12,
V143,I_ANONYMIZED_V,float64,86.12,
V144,I_ANONYMIZED_V,float64,86.12,
V145,I_ANONYMIZED_V,float64,86.12,
V146,I_ANONYMIZED_V,float64,86.12,
V147,I_ANONYMIZED_V,float64,86.12,
V148,I_ANONYMIZED_V,float64,86.12,
V149,I_ANONYMIZED_V,float64,86.12,
V150,I_ANONYMIZED_V,float64,86.12,
V151,I_ANONYMIZED_V,float64,86.12,
V152,I_ANONYMIZED_V,float64,86.12,
V153,I_ANONYMIZED_V,float64,86.12,
V154,I_ANONYMIZED_V,float64,86.12,
V155,I_ANONYMIZED_V,float64,86.12,
V156,I_ANONYMIZED_V,float64,86.12,
V157,I_ANONYMIZED_V,float64,86.12,
V158,I_ANONYMIZED_V,float64,86.12,
V159,I_ANONYMIZED_V,float64,86.12,
V160,I_ANONYMIZED_V,float64,86.12,
V161,I_ANONYMIZED_V,float64,86.12,
V162,I_ANONYMIZED_V,float64,86.12,
V163,I_ANONYMIZED_V,float64,86.12,
V164,I_ANONYMIZED_V,float64,86.12,
V165,I_ANONYMIZED_V,float64,86.12,
V166,I_ANONYMIZED_V,float64,86.12,
V167,I_ANONYMIZED_V,float64,76.36,
V168,I_ANONYMIZED_V,float64,76.36,
V169,I_ANONYMIZED_V,float64,76.32,
V170,I_ANONYMIZED_V,float64,76.32,
V171,I_ANONYMIZED_V,float64,76.32,
V172,I_ANONYMIZED_V,float64,76.36,
V173,I_ANONYMIZED_V,float64,76.36,
V174,I_ANONYMIZED_V,float64,76.32,
V175,I_ANONYMIZED_V,float64,76.32,
V176,I_ANONYMIZED_V,float64,76.36,
V177,I_ANONYMIZED_V,float64,76.36,
V178,I_ANONYMIZED_V,float64,76.36,
V179,I_ANONYMIZED_V,float64,76.36,
V180,I_ANONYMIZED_V,float64,76.32,
V181,I_ANONYMIZED_V,float64,76.36,
V182,I_ANONYMIZED_V,float64,76.36,
V183,I_ANONYMIZED_V,float64,76.36,
V184,I_ANONYMIZED_V,float64,76.32,
V185,I_ANONYMIZED_V,float64,76.32,
V186,I_ANONYMIZED_V,float64,76.36,
V187,I_ANONYMIZED_V,float64,76.36,
V188,I_ANONYMIZED_V,float64,76.32,
V189,I_ANONYMIZED_V,float64,76.32,
V190,I_ANONYMIZED_V,float64,76.36,
V191,I_ANONYMIZED_V,float64,76.36,
V192,I_ANONYMIZED_V,float64,76.36,
V193,I_ANONYMIZED_V,float64,76.36,
V194,I_ANONYMIZED_V,float64,76.32,
V195,I_ANONYMIZED_V,float64,76.32,
V196,I_ANONYMIZED_V,float64,76.36,
V197,I_ANONYMIZED_V,float64,76.32,
V198,I_ANONYMIZED_V,float64,76.32,
V199,I_ANONYMIZED_V,float64,76.36,
V200,I_ANONYMIZED_V,float64,76.32,
V201,I_ANONYMIZED_V,float64,76.32,
V202,I_ANONYMIZED_V,float64,76.36,
V203,I_ANONYMIZED_V,float64,76.36,
V204,I_ANONYMIZED_V,float64,76.36,
V205,I_ANONYMIZED_V,float64,76.36,
V206,I_ANONYMIZED_V,float64,76.36,
V207,I_ANONYMIZED_V,float64,76.36,
V208,I_ANONYMIZED_V,float64,76.32,
V209,I_ANONYMIZED_V,float64,76.32,
V210,I_ANONYMIZED_V,float64,76.32,
V211,I_ANONYMIZED_V,float64,76.36,
V212,I_ANONYMIZED_V,float64,76.36,
V213,I_ANONYMIZED_V,float64,76.36,
V214,I_ANONYMIZED_V,float64,76.36,
V215,I_ANONYMIZED_V,float64,76.36,
V216,I_ANONYMIZED_V,float64,76.36,
V217,I_ANONYMIZED_V,float64,77.91,
V218,I_ANONYMIZED_V,float64,77.91,
V219,I_ANONYMIZED_V,float64,77.91,
V220,I_ANONYMIZED_V,float64,76.05,
V221,I_ANONYMIZED_V,float64,76.05,
V222,I_ANONYMIZED_V,float64,76.05,
V223,I_ANONYMIZED_V,float64,77.91,
V224,I_ANONYMIZED_V,float64,77.91,
V225,I_ANONYMIZED_V,float64,77.91,
V226,I_ANONYMIZED_V,float64,77.91,
V227,I_ANONYMIZED_V,float64,76.05,
V228,I_ANONYMIZED_V,float64,77.91,
V229,I_ANONYMIZED_V,float64,77.91,
V230,I_ANONYMIZED_V,float64,77.91,
V231,I_ANONYMIZED_V,float64,77.91,
V232,I_ANONYMIZED_V,float64,77.91,
V233,I_ANONYMIZED_V,float64,77.91,
V234,I_ANONYMIZED_V,float64,76.05,
V235,I_ANONYMIZED_V,float64,77.91,
V236,I_ANONYMIZED_V,float64,77.91,
V237,I_ANONYMIZED_V,float64,77.91,
V238,I_ANONYMIZED_V,float64,76.05,
V239,I_ANONYMIZED_V,float64,76.05,
V240,I_ANONYMIZED_V,float64,77.91,
V241,I_ANONYMIZED_V,float64,77.91,
V242,I_ANONYMIZED_V,float64,77.91,
V243,I_ANONYMIZED_V,float64,77.91,
V244,I_ANONYMIZED_V,float64,77.91,
V245,I_ANONYMIZED_V,float64,76.05,
V246,I_ANONYMIZED_V,float64,77.91,
V247,I_ANONYMIZED_V,float64,77.91,
V248,I_ANONYMIZED_V,float64,77.91,
V249,I_ANONYMIZED_V,float64,77.91,
V250,I_ANONYMIZED_V,float64,76.05,
V251,I_ANONYMIZED_V,float64,76.05,
V252,I_ANONYMIZED_V,float64,77.91,
V253,I_ANONYMIZED_V,float64,77.91,
V254,I_ANONYMIZED_V,float64,77.91,
V255,I_ANONYMIZED_V,float64,76.05,
V256,I_ANONYMIZED_V,float64,76.05,
V257,I_ANONYMIZED_V,float64,77.91,
V258,I_ANONYMIZED_V,float64,77.91,
V259,I_ANONYMIZED_V,float64,76.05,
V260,I_ANONYMIZED_V,float64,77.91,
V261,I_ANONYMIZED_V,float64,77.91,
V262,I_ANONYMIZED_V,float64,77.91,
V263,I_ANONYMIZED_V,float64,77.91,
V264,I_ANONYMIZED_V,float64,77.91,
V265,I_ANONYMIZED_V,float64,77.91,
V266,I_ANONYMIZED_V,float64,77.91,
V267,I_ANONYMIZED_V,float64,77.91,
V268,I_ANONYMIZED_V,float64,77.91,
V269,I_ANONYMIZED_V,float64,77.91,
V270,I_ANONYMIZED_V,float64,76.05,
V271,I_ANONYMIZED_V,float64,76.05,
V272,I_ANONYMIZED_V,float64,76.05,
V273,I_ANONYMIZED_V,float64,77.91,
V274,I_ANONYMIZED_V,float64,77.91,
V275,I_ANONYMIZED_V,float64,77.91,
V276,I_ANONYMIZED_V,float64,77.91,
V277,I_ANONYMIZED_V,float64,77.91,
V278,I_ANONYMIZED_V,float64,77.91,
V279,I_ANONYMIZED_V,float64,0.0,
V280,I_ANONYMIZED_V,float64,0.0,
V281,I_ANONYMIZED_V,float64,0.21,
V282,I_ANONYMIZED_V,float64,0.21,
V283,I_ANONYMIZED_V,float64,0.21,
V284,I_ANONYMIZED_V,float64,0.0,
V285,I_ANONYMIZED_V,float64,0.0,
V286,I_ANONYMIZED_V,float64,0.0,
V287,I_ANONYMIZED_V,float64,0.0,
V288,I_ANONYMIZED_V,float64,0.21,
V289,I_ANONYMIZED_V,float64,0.21,
V290,I_ANONYMIZED_V,float64,0.0,
V291,I_ANONYMIZED_V,float64,0.0,
V292,I_ANONYMIZED_V,float64,0.0,
V293,I_ANONYMIZED_V,float64,0.0,
V294,I_ANONYMIZED_V,float64,0.0,
V295,I_ANONYMIZED_V,float64,0.0,
V296,I_ANONYMIZED_V,float64,0.21,
V297,I_ANONYMIZED_V,float64,0.0,
V298,I_ANONYMIZED_V,float64,0.0,
V299,I_ANONYMIZED_V,float64,0.0,
V300,I_ANONYMIZED_V,float64,0.21,
V301,I_ANONYMIZED_V,float64,0.21,
V302,I_ANONYMIZED_V,float64,0.0,
V303,I_ANONYMIZED_V,float64,0.0,
V304,I_ANONYMIZED_V,float64,0.0,
V305,I_ANONYMIZED_V,float64,0.0,
V306,I_ANONYMIZED_V,float64,0.0,
V307,I_ANONYMIZED_V,float64,0.0,
V308,I_ANONYMIZED_V,float64,0.0,
V309,I_ANONYMIZED_V,float64,0.0,
V310,I_ANONYMIZED_V,float64,0.0,
V311,I_ANONYMIZED_V,float64,0.0,
V312,I_ANONYMIZED_V,float64,0.0,
V313,I_ANONYMIZED_V,float64,0.21,
V314,I_ANONYMIZED_V,float64,0.21,
V315,I_ANONYMIZED_V,float64,0.21,
V316,I_ANONYMIZED_V,float64,0.0,
V317,I_ANONYMIZED_V,float64,0.0,
V318,I_ANONYMIZED_V,float64,0.0,
V319,I_ANONYMIZED_V,float64,0.0,
V320,I_ANONYMIZED_V,float64,0.0,
V321,I_ANONYMIZED_V,float64,0.0,
V322,I_ANONYMIZED_V,float64,86.05,
V323,I_ANONYMIZED_V,float64,86.05,
V324,I_ANONYMIZED_V,float64,86.05,
V325,I_ANONYMIZED_V,float64,86.05,
V326,I_ANONYMIZED_V,float64,86.05,
V327,I_ANONYMIZED_V,float64,86.05,
V328,I_ANONYMIZED_V,float64,86.05,
V329,I_ANONYMIZED_V,float64,86.05,
V330,I_ANONYMIZED_V,float64,86.05,
V331,I_ANONYMIZED_V,float64,86.05,
V332,I_ANONYMIZED_V,float64,86.05,
V333,I_ANONYMIZED_V,float64,86.05,
V334,I_ANONYMIZED_V,float64,86.05,
V335,I_ANONYMIZED_V,float64,86.05,
V336,I_ANONYMIZED_V,float64,86.05,
V337,I_ANONYMIZED_V,float64,86.05,
V338,I_ANONYMIZED_V,float64,86.05,
V339,I_ANONYMIZED_V,float64,86.05,
id_01,J_IDENTITY,float64,75.58,
id_02,J_IDENTITY,float64,76.15,
id_03,J_IDENTITY,float64,88.77,
id_04,J_IDENTITY,float64,88.77,
id_05,J_IDENTITY,float64,76.82,
id_06,J_IDENTITY,float64,76.82,
id_07,J_IDENTITY,float64,99.13,
id_08,J_IDENTITY,float64,99.13,
id_09,J_IDENTITY,float64,87.31,
id_10,J_IDENTITY,float64,87.31,
id_11,J_IDENTITY,float64,76.13,
id_12,J_IDENTITY,str,75.58,
id_13,J_IDENTITY,float64,78.44,
id_14,J_IDENTITY,float64,86.45,
id_15,J_IDENTITY,str,76.13,
id_16,J_IDENTITY,str,78.1,
id_17,J_IDENTITY,float64,76.4,
id_18,J_IDENTITY,float64,92.36,
id_19,J_IDENTITY,float64,76.41,
id_20,J_IDENTITY,float64,76.42,
id_21,J_IDENTITY,float64,99.13,
id_22,J_IDENTITY,float64,99.12,
id_23,J_IDENTITY,str,99.12,
id_24,J_IDENTITY,float64,99.2,
id_25,J_IDENTITY,float64,99.13,
id_26,J_IDENTITY,float64,99.13,
id_27,J_IDENTITY,str,99.12,
id_28,J_IDENTITY,str,76.13,
id_29,J_IDENTITY,str,76.13,
id_30,J_IDENTITY,str,86.87,
id_31,J_IDENTITY,str,76.25,
id_32,J_IDENTITY,float64,86.86,
id_33,J_IDENTITY,str,87.59,
id_34,J_IDENTITY,str,86.82,
id_35,J_IDENTITY,str,76.13,
id_36,J_IDENTITY,str,76.13,
id_37,J_IDENTITY,str,76.13,
id_38,J_IDENTITY,str,76.13,
DeviceType,J_IDENTITY,str,76.16,
DeviceInfo,J_IDENTITY,str,79.91,
