request_id,endpoint,status_code,latency_ms,prep_time_ms,model_time_ms,total_server_time_ms,success
1,/predict,200,145.38020000327379,96.52,6.422,102.958,True
2,/predict,200,76.40359998913482,69.047,2.008,71.057,True
3,/predict,200,83.57660000910982,74.711,1.897,76.609,True
4,/predict,200,85.16779998899437,78.162,1.902,80.065,True
5,/predict,200,88.97489999071695,77.406,6.378,83.786,True
6,/predict,200,83.10679998248816,76.242,1.837,78.08,True
7,/predict,200,79.8685000045225,72.835,1.926,74.763,True
8,/predict,200,84.57930001895875,77.325,1.81,79.137,True
9,/predict,200,83.54269998380914,75.855,2.025,77.881,True
10,/predict,200,81.22439999715425,73.896,1.856,75.754,True
11,/predict,200,81.05770000838675,73.649,1.817,75.467,True
12,/predict,200,83.85190000990406,76.983,1.934,78.919,True
13,/predict,200,80.39200000348501,72.111,1.851,73.964,True
14,/predict,200,74.85999999335036,66.736,1.876,68.614,True
15,/predict,200,82.90209999540821,75.813,1.939,77.753,True
16,/predict,200,81.82630001101643,74.065,2.027,76.094,True
17,/predict,200,84.23999999649823,77.248,1.87,79.119,True
18,/predict,200,81.83819998521358,75.042,1.881,76.925,True
19,/predict,200,82.9692000115756,74.912,1.965,76.878,True
20,/predict,200,75.70600000326522,67.261,1.879,69.142,True
21,/predict,200,84.18349997373298,77.436,1.869,79.307,True
22,/predict,200,80.64220001688227,74.351,1.805,76.158,True
23,/predict,200,76.09600000432692,68.053,1.992,70.047,True
24,/predict,200,74.94869999936782,67.313,1.808,69.122,True
25,/predict,200,73.38839999283664,65.972,1.941,67.915,True
26,/predict,200,81.40220001223497,74.249,1.94,76.19,True
27,/predict,200,75.22299999254756,67.513,1.853,69.367,True
28,/predict,200,81.08299999730662,73.741,1.924,75.667,True
29,/predict,200,82.71230000536889,75.579,1.937,77.517,True
30,/predict,200,78.93710001371801,70.66,1.851,72.513,True
31,/predict,200,85.23339999374002,76.473,1.802,78.277,True
32,/predict,200,81.0287999920547,74.049,1.92,75.97,True
33,/predict,200,82.0281999767758,74.609,1.883,76.495,True
34,/predict,200,82.73470000131056,71.847,2.15,73.999,True
35,/predict,200,82.6177999842912,75.777,1.886,77.664,True
36,/predict,200,108.56770002283156,101.789,1.676,103.468,True
37,/predict,200,84.5821000111755,77.298,1.995,79.295,True
38,/predict,200,78.02369998535141,70.512,2.13,72.644,True
39,/predict,200,82.56509999046102,75.138,1.976,77.116,True
40,/predict,200,81.02900002268143,74.274,1.832,76.109,True
41,/predict,200,160.64889999688603,153.986,1.38,155.367,True
42,/predict,200,84.55339999636635,72.955,1.856,74.812,True
43,/predict,200,80.26829999289475,72.513,1.929,74.443,True
44,/predict,200,76.03629998629913,69.198,1.783,70.983,True
45,/predict,200,82.19620000454597,75.128,1.831,76.961,True
46,/predict,200,79.11029999377206,71.886,1.884,73.772,True
47,/predict,200,77.12349999928847,70.045,1.905,71.951,True
48,/predict,200,77.85120001062751,70.073,2.3,72.375,True
49,/predict,200,83.7193000188563,76.205,2.014,78.221,True
50,/predict,200,78.24250002158806,71.037,1.984,73.023,True
51,/predict,200,84.28290000301786,76.745,1.863,78.609,True
52,/predict,200,82.86759999464266,75.222,2.007,77.23,True
53,/predict,200,83.4342000016477,75.944,1.955,77.902,True
54,/predict,200,78.55119998566806,70.109,1.871,71.982,True
55,/predict,200,82.22260000184178,74.839,1.933,76.774,True
56,/predict,200,82.08240001113154,74.758,1.986,76.745,True
57,/predict,200,83.83239997783676,77.019,1.839,78.86,True
58,/predict,200,83.01699999719858,75.967,2.078,78.046,True
59,/predict,200,78.87430000118911,71.208,1.913,73.124,True
60,/predict,200,80.11730000725947,73.083,1.879,74.964,True
61,/predict,200,79.9645000079181,72.641,1.878,74.521,True
62,/predict,200,80.79940002062358,73.877,1.83,75.709,True
63,/predict,200,74.92790001560934,67.868,1.895,69.765,True
64,/predict,200,83.08309997664765,75.696,1.893,77.591,True
65,/predict,200,80.96360001945868,73.545,1.892,75.439,True
66,/predict,200,88.11599999899045,81.104,1.857,82.963,True
67,/predict,200,83.76749997842126,76.43,1.986,78.417,True
68,/predict,200,79.27079999353737,71.955,1.983,73.939,True
69,/predict,200,80.89270000346005,73.596,1.974,75.571,True
70,/predict,200,82.77169999200851,75.545,1.937,77.483,True
71,/predict,200,80.75019999523647,73.595,1.892,75.488,True
72,/predict,200,83.30370002659038,76.245,1.844,78.09,True
73,/predict,200,76.45890000276268,68.526,1.88,70.408,True
74,/predict,200,84.24459997331724,77.046,1.897,78.945,True
75,/predict,200,75.55750000756234,68.23,1.992,70.222,True
76,/predict,200,83.2347999967169,74.636,1.915,76.552,True
77,/predict,200,81.56269998289645,73.031,1.982,75.016,True
78,/predict,200,90.30579999671318,83.296,1.882,85.18,True
79,/predict,200,81.27550000790507,73.859,2.077,75.937,True
80,/predict,200,84.57140001701191,76.666,1.878,78.545,True
81,/predict,200,80.56880001095124,72.565,1.888,74.455,True
82,/predict,200,76.21829997515306,69.486,1.777,71.264,True
83,/predict,200,77.59520001127385,70.466,2.065,72.533,True
84,/predict,200,80.54930000798777,73.633,1.834,75.468,True
85,/predict,200,123.36709999362938,116.039,1.462,117.502,True
86,/predict,200,85.62500000698492,76.544,1.965,78.511,True
87,/predict,200,79.2877999774646,71.854,1.917,73.773,True
88,/predict,200,82.70009999978356,74.509,1.925,76.435,True
89,/predict,200,81.94099998218007,74.995,1.875,76.872,True
90,/predict,200,79.90450001670979,70.749,2.057,72.808,True
91,/predict,200,82.20100001199171,75.047,1.925,76.974,True
92,/predict,200,83.60360001097433,76.72,1.83,78.551,True
93,/predict,200,80.86679998086765,72.686,1.907,74.595,True
94,/predict,200,80.78859999659471,73.794,1.91,75.706,True
95,/predict,200,84.3948999827262,77.131,2.008,79.141,True
96,/predict,200,84.43240000633523,76.858,1.856,78.716,True
97,/predict,200,75.71030000690371,67.451,1.886,69.339,True
98,/predict,200,78.4517000138294,70.661,2.0,72.662,True
99,/predict,200,82.06439999048598,74.782,1.887,76.671,True
100,/predict,200,77.65419999486767,70.263,2.024,72.288,True
101,/predict,200,81.67060001869686,74.728,1.885,76.615,True
102,/predict,200,78.15429999027401,70.851,2.031,72.883,True
103,/predict,200,83.86500002234243,76.474,1.964,78.439,True
104,/predict,200,80.89379998273216,73.933,1.87,75.804,True
105,/predict,200,76.8085999879986,68.836,1.768,70.606,True
106,/predict,200,77.84199999878183,69.071,2.016,71.089,True
107,/predict,200,82.90050001232885,75.738,1.886,77.625,True
108,/predict,200,81.34189998963848,73.165,1.99,75.157,True
109,/predict,200,98.52199998567812,88.89,3.46,92.352,True
110,/predict,200,111.95830002543516,103.965,1.375,105.342,True
111,/predict,200,85.33709999755956,78.972,1.902,80.875,True
112,/predict,200,81.14389999536797,73.834,1.974,75.809,True
113,/predict,200,80.47909999731928,72.132,1.883,74.017,True
114,/predict,200,79.88309999927878,71.533,2.011,73.546,True
115,/predict,200,84.07899999292567,77.009,1.942,78.953,True
116,/predict,200,83.22850000695325,75.941,2.039,77.981,True
117,/predict,200,77.89089999278076,69.619,2.051,71.671,True
118,/predict,200,81.71169998240657,74.392,1.938,76.332,True
119,/predict,200,84.19599998160265,76.003,1.968,77.974,True
120,/predict,200,83.31940000061877,74.888,1.865,76.755,True
121,/predict,200,83.38369999546558,76.711,1.894,78.606,True
122,/predict,200,83.42730000731535,76.407,1.899,78.308,True
123,/predict,200,82.00990001205355,74.622,1.944,76.567,True
124,/predict,200,83.50649999920279,75.489,1.945,77.436,True
125,/predict,200,83.61559998593293,76.722,2.034,78.758,True
126,/predict,200,84.64610000373796,76.64,1.895,78.538,True
127,/predict,200,81.7795000039041,74.297,1.952,76.251,True
128,/predict,200,80.7247000047937,72.144,1.922,74.067,True
129,/predict,200,78.21000000694767,71.518,1.899,73.418,True
130,/predict,200,82.79449999099597,75.351,1.973,77.325,True
131,/predict,200,121.37649999931455,113.726,1.477,115.204,True
132,/predict,200,83.78109999466687,76.923,1.881,78.806,True
133,/predict,200,78.75469999271445,71.128,1.903,73.033,True
134,/predict,200,84.57529998850077,76.473,2.064,78.539,True
135,/predict,200,86.85369999147952,80.002,1.886,81.89,True
136,/predict,200,85.12919998611324,77.705,2.007,79.714,True
137,/predict,200,78.79049997427501,71.68,1.908,73.589,True
138,/predict,200,81.99489998514764,75.165,1.931,77.097,True
139,/predict,200,79.7819999861531,72.132,1.929,74.062,True
140,/predict,200,84.83740000519902,77.284,1.981,79.267,True
141,/predict,200,77.67289999173954,70.72,1.936,72.658,True
142,/predict,200,81.91989999613725,73.491,1.879,75.371,True
143,/predict,200,83.13749998342246,75.827,1.981,77.811,True
144,/predict,200,82.22489999025129,74.946,2.033,76.98,True
145,/predict,200,82.40939999814145,74.612,1.939,76.553,True
146,/predict,200,86.12659998470917,76.899,2.031,78.933,True
147,/predict,200,79.33599999523722,70.74,2.036,72.778,True
148,/predict,200,81.9101000088267,75.123,1.91,77.035,True
149,/predict,200,84.44839998264797,77.182,2.057,79.24,True
150,/predict,200,82.84560000174679,75.494,2.053,77.548,True
151,/predict,200,81.33879999513738,73.686,1.841,75.528,True
152,/predict,200,75.67379999090917,67.503,1.873,69.378,True
153,/predict,200,76.97270001517609,69.65,1.954,71.606,True
154,/predict,200,78.66259998991154,71.358,1.903,73.263,True
155,/predict,200,76.86339999781922,70.017,1.918,71.937,True
156,/predict,200,79.90670000435784,72.845,1.926,74.773,True
157,/predict,200,82.02100000926293,74.906,1.839,76.747,True
158,/predict,200,81.70410001184791,73.093,1.925,75.02,True
159,/predict,200,82.93940001749434,75.652,1.976,77.629,True
160,/predict,200,85.93780000228435,78.951,1.878,80.83,True
161,/predict,200,79.46439998340793,72.14,1.947,74.088,True
162,/predict,200,87.67999999690801,80.694,1.89,82.586,True
163,/predict,200,76.60579998628236,69.623,1.846,71.471,True
164,/predict,200,77.59179998538457,70.25,2.007,72.259,True
165,/predict,200,78.69530000607483,71.58,1.918,73.504,True
166,/predict,200,85.77459998195991,78.212,1.996,80.209,True
167,/predict,200,81.47279999684542,73.619,2.091,75.711,True
168,/predict,200,83.51520000724122,75.787,1.998,77.787,True
169,/predict,200,84.19149997644126,76.842,1.924,78.768,True
170,/predict,200,83.54110000072978,76.031,1.952,77.984,True
171,/predict,200,83.11849998426624,75.488,1.941,77.431,True
172,/predict,200,85.72049997746944,78.052,1.839,79.893,True
173,/predict,200,78.71080000768416,70.235,2.065,72.302,True
174,/predict,200,110.94230000162497,102.953,1.961,104.916,True
175,/predict,200,86.15190000273287,75.837,1.882,77.72,True
176,/predict,200,79.56360001116991,71.906,2.091,73.999,True
177,/predict,200,83.94519999274053,76.222,2.156,78.38,True
178,/predict,200,115.7973000081256,108.515,1.23,109.747,True
179,/predict,200,77.90119998389855,70.923,2.081,73.006,True
180,/predict,200,83.26519999536686,75.926,1.941,77.869,True
181,/predict,200,83.42919999267906,76.444,1.972,78.417,True
182,/predict,200,85.16240000608377,77.8,2.013,79.815,True
183,/predict,200,83.92010000534356,74.89,1.887,76.779,True
184,/predict,200,83.41250001103617,74.74,1.938,76.68,True
185,/predict,200,86.31499999319203,76.919,1.924,78.844,True
186,/predict,200,79.60179998190142,72.483,1.948,74.433,True
187,/predict,200,86.14859997760504,78.934,1.931,80.866,True
188,/predict,200,77.71730000968091,70.695,1.841,72.538,True
189,/predict,200,84.57109998562373,77.65,1.899,79.551,True
190,/predict,200,83.37849998497404,76.247,1.954,78.202,True
191,/predict,200,83.78669997910038,76.969,2.015,78.985,True
192,/predict,200,80.60389998718165,73.762,1.916,75.68,True
193,/predict,200,80.11399998213165,72.778,2.036,74.815,True
194,/predict,200,83.68340000743046,74.849,1.99,76.841,True
195,/predict,200,86.26139999250881,78.769,1.903,80.674,True
196,/predict,200,78.04049999685958,70.887,2.007,72.895,True
197,/predict,200,75.69079997483641,68.415,1.95,70.367,True
198,/predict,200,81.74210001016036,74.606,1.897,76.504,True
199,/predict,200,76.59769998281263,69.719,1.941,71.661,True
200,/predict,200,74.37980000395328,67.137,1.93,69.068,True
201,/predict,200,83.93620001152158,76.389,1.955,78.345,True
202,/predict,200,86.20240000891499,76.738,1.856,78.595,True
203,/predict,200,80.96799999475479,73.844,1.933,75.779,True
204,/predict,200,81.20049998979084,72.346,1.906,74.253,True
205,/predict,200,76.08099997742102,68.752,1.987,70.741,True
206,/predict,200,84.74599997862242,75.834,1.897,77.732,True
207,/predict,200,82.48729998013005,73.459,1.923,75.383,True
208,/predict,200,86.63350000279024,79.393,1.891,81.287,True
209,/predict,200,83.68219999829307,75.96,1.896,77.857,True
210,/predict,200,83.37770000798628,75.37,1.932,77.304,True
211,/predict,200,82.00560000841506,74.89,1.924,76.816,True
212,/predict,200,78.69950000895187,71.587,1.892,73.481,True
213,/predict,200,77.1727999963332,70.067,2.037,72.105,True
214,/predict,200,86.82489997590892,79.225,1.941,81.167,True
215,/predict,200,78.85550000355579,70.383,2.027,72.412,True
216,/predict,200,84.66709998901933,77.242,2.043,79.287,True
217,/predict,200,84.30269997916184,76.447,1.939,78.388,True
218,/predict,200,83.91239997581579,74.838,1.904,76.744,True
219,/predict,200,85.51279999664985,78.104,1.952,80.057,True
220,/predict,200,79.19150000088848,71.733,1.994,73.729,True
221,/predict,200,85.36600001389161,78.003,1.973,79.977,True
222,/predict,200,83.49109999835491,75.773,1.896,77.671,True
223,/predict,200,85.50310001010075,77.856,1.94,79.797,True
224,/predict,200,85.32759998342954,78.146,1.995,80.142,True
225,/predict,200,83.90940001117997,76.577,2.079,78.657,True
226,/predict,200,87.2557999973651,77.963,2.08,80.045,True
227,/predict,200,77.71720000891946,70.316,1.893,72.211,True
228,/predict,200,86.04570000898093,78.925,1.963,80.89,True
229,/predict,200,81.33770001586527,72.27,1.961,74.232,True
230,/predict,200,85.71430001757108,78.385,2.053,80.44,True
231,/predict,200,75.93270001234487,68.721,2.0,70.723,True
232,/predict,200,81.29279999411665,73.774,1.963,75.739,True
233,/predict,200,80.47980000264943,72.095,1.92,74.017,True
234,/predict,200,89.1739999933634,80.324,1.991,82.317,True
235,/predict,200,89.17990000918508,80.193,2.002,82.197,True
236,/predict,200,89.5388999779243,81.356,2.262,83.619,True
237,/predict,200,123.9103999978397,115.518,1.443,116.962,True
238,/predict,200,81.96299997507595,74.256,1.987,76.245,True
239,/predict,200,82.98289999947883,75.631,1.983,77.616,True
240,/predict,200,85.0773999991361,77.59,2.107,79.699,True
241,/predict,200,79.48889999534003,72.202,1.886,74.089,True
242,/predict,200,81.86030000797473,73.017,1.949,74.967,True
243,/predict,200,83.54260001215152,75.987,2.021,78.01,True
244,/predict,200,86.15200000349432,77.223,1.917,79.142,True
245,/predict,200,79.01300000958145,71.687,2.007,73.696,True
246,/predict,200,83.43790000071749,76.095,1.977,78.073,True
247,/predict,200,85.57009999640286,78.626,1.878,80.506,True
248,/predict,200,84.44520001648925,76.9,1.989,78.891,True
249,/predict,200,87.0258999930229,79.549,2.063,81.613,True
250,/predict,200,83.66109998314641,76.027,2.02,78.048,True
251,/predict,200,84.36059998348355,77.167,1.932,79.1,True
252,/predict,200,86.23990000342019,77.173,1.878,79.053,True
253,/predict,200,83.54439999675378,75.536,1.92,77.458,True
254,/predict,200,85.54749999893829,78.354,1.957,80.313,True
255,/predict,200,86.9546000030823,79.677,2.07,81.748,True
256,/predict,200,78.09930000803433,70.653,1.915,72.57,True
257,/predict,200,82.45210000313818,74.872,1.972,76.846,True
258,/predict,200,78.79689999390393,71.45,2.013,73.464,True
259,/predict,200,93.35209999699146,83.824,3.85,87.676,True
260,/predict,200,90.45289998175576,82.387,1.927,84.316,True
261,/predict,200,87.84249998279847,80.604,1.929,82.535,True
262,/predict,200,87.27039999212138,79.779,1.959,81.74,True
263,/predict,200,83.6346999858506,76.348,1.927,78.277,True
264,/predict,200,84.54119999078102,77.272,2.011,79.284,True
265,/predict,200,79.03309998800978,71.821,1.951,73.774,True
266,/predict,200,85.16610000515357,77.588,1.948,79.537,True
267,/predict,200,78.79289999254979,70.597,2.008,72.606,True
268,/predict,200,83.67410002392717,76.796,1.945,78.744,True
269,/predict,200,83.94250000128523,75.464,2.02,77.486,True
270,/predict,200,83.71510001597926,75.848,2.171,78.021,True
271,/predict,200,77.51559998723678,69.74,1.948,71.689,True
272,/predict,200,86.73900002031587,78.765,2.089,80.856,True
273,/predict,200,82.65230001416057,73.636,1.886,75.524,True
274,/predict,200,83.74729999923147,75.815,1.949,77.766,True
275,/predict,200,84.42630001809448,76.131,1.949,78.082,True
276,/predict,200,84.82530000037514,77.866,1.989,79.857,True
277,/predict,200,82.01650000410154,74.293,1.952,76.247,True
278,/predict,200,83.44369998667389,76.248,2.007,78.257,True
279,/predict,200,86.51640001335181,77.723,2.043,79.768,True
280,/predict,200,78.64900000276975,70.818,1.925,72.745,True
281,/predict,200,83.9171000116039,76.368,2.121,78.49,True
282,/predict,200,123.16879999707453,116.192,1.407,117.6,True
283,/predict,200,77.97780001419596,70.701,1.95,72.653,True
284,/predict,200,82.89229997899383,74.537,1.987,76.526,True
285,/predict,200,85.94820002326742,77.072,2.105,79.179,True
286,/predict,200,85.83709999220446,78.252,2.051,80.304,True
287,/predict,200,79.95210000080988,72.814,2.0,74.816,True
288,/predict,200,85.66069998778403,77.228,1.928,79.158,True
289,/predict,200,84.94249999057502,77.168,1.956,79.126,True
290,/predict,200,79.37659998424351,71.823,2.061,73.886,True
291,/predict,200,86.22659998945892,78.781,1.974,80.757,True
292,/predict,200,85.14730000752024,77.737,1.93,79.668,True
293,/predict,200,81.60229999339208,73.071,1.995,75.067,True
294,/predict,200,86.07290001236834,78.14,2.005,80.147,True
295,/predict,200,83.78929999889806,76.87,1.965,78.837,True
296,/predict,200,77.22310000099242,69.961,1.946,71.909,True
297,/predict,200,80.87400000658818,73.506,2.017,75.525,True
298,/predict,200,84.54949999577366,76.897,2.164,79.063,True
299,/predict,200,85.69569999235682,78.191,1.932,80.125,True
300,/predict,200,84.55709999543615,77.111,1.972,79.085,True
301,/predict,200,86.85909997439012,78.432,1.997,80.431,True
302,/predict,200,84.20919999480247,77.226,2.014,79.242,True
303,/predict,200,87.59239999926649,79.905,2.035,81.942,True
304,/predict,200,80.95160001539625,73.748,2.045,75.795,True
305,/predict,200,85.64360000309534,77.673,1.971,79.645,True
306,/predict,200,84.7457000054419,77.457,1.963,79.422,True
307,/predict,200,84.13699999800883,77.083,1.979,79.065,True
308,/predict,200,85.06199999828823,77.882,2.04,79.924,True
309,/predict,200,88.46910001011565,80.743,1.955,82.7,True
310,/predict,200,86.105199996382,78.6,2.116,80.718,True
311,/predict,200,87.45550000458024,79.333,2.059,81.394,True
312,/predict,200,86.68300000135787,79.476,2.003,81.48,True
313,/predict,200,84.99949998804368,77.006,1.944,78.952,True
314,/predict,200,86.5281000151299,79.565,1.994,81.561,True
315,/predict,200,83.19940001820214,75.577,2.05,77.628,True
316,/predict,200,84.61930000339635,75.825,1.992,77.818,True
317,/predict,200,87.00510000926442,78.88,2.112,80.994,True
318,/predict,200,85.48949999385513,78.273,2.035,80.309,True
319,/predict,200,86.88419999089092,78.913,2.097,81.012,True
320,/predict,200,85.04259999608621,77.792,1.976,79.77,True
321,/predict,200,79.94799999869429,72.527,2.054,74.583,True
322,/predict,200,83.08729997952469,75.599,1.965,77.566,True
323,/predict,200,85.26089999941178,77.694,2.055,79.752,True
324,/predict,200,101.91810000105761,94.837,1.496,96.334,True
325,/predict,200,91.82209998834878,84.326,2.053,86.381,True
326,/predict,200,87.88560001994483,80.482,2.036,82.519,True
327,/predict,200,82.93279999634251,73.926,1.996,75.924,True
328,/predict,200,86.30949998041615,77.232,1.977,79.21,True
329,/predict,200,85.89449999271892,77.526,1.985,79.513,True
330,/predict,200,85.36860000458546,78.086,1.93,80.018,True
331,/predict,200,87.62780000688508,79.575,1.979,81.556,True
332,/predict,200,83.765699993819,74.372,1.984,76.357,True
333,/predict,200,85.89919999940321,77.549,1.912,79.463,True
334,/predict,200,85.53360000951216,77.704,1.993,79.699,True
335,/predict,200,83.65499999490567,76.556,1.928,78.486,True
336,/predict,200,85.75030000065453,78.405,2.046,80.453,True
337,/predict,200,84.73810000577942,77.156,1.963,79.122,True
338,/predict,200,85.99180000601336,78.327,1.978,80.308,True
339,/predict,200,87.77919999556616,79.59,1.974,81.566,True
340,/predict,200,117.40690001170151,109.91,1.258,111.169,True
341,/predict,200,82.56690000416711,75.726,1.979,77.706,True
342,/predict,200,83.38090000324883,75.836,1.983,77.821,True
343,/predict,200,86.11639999435283,78.391,2.047,80.439,True
344,/predict,200,80.76630000141449,73.339,2.031,75.371,True
345,/predict,200,84.77670000866055,77.372,1.935,79.308,True
346,/predict,200,87.23090001149103,79.656,2.028,81.686,True
347,/predict,200,78.54479999514297,70.027,1.92,71.949,True
348,/predict,200,88.06340000592172,80.029,2.073,82.103,True
349,/predict,200,87.85290000378154,80.369,2.068,82.439,True
350,/predict,200,87.62750000460073,80.257,1.928,82.187,True
351,/predict,200,88.58609999879263,79.891,1.967,81.86,True
352,/predict,200,90.36589998868294,82.8,2.118,84.92,True
353,/predict,200,84.23850001418032,76.489,1.978,78.468,True
354,/predict,200,84.63560001109727,76.774,2.05,78.825,True
355,/predict,200,85.51160001661628,77.929,1.97,79.901,True
356,/predict,200,84.59879999281839,75.846,1.978,77.826,True
357,/predict,200,85.25000000372529,78.063,1.987,80.052,True
358,/predict,200,80.85259998915717,73.375,1.977,75.353,True
359,/predict,200,81.63520001107827,74.31,1.992,76.303,True
360,/predict,200,81.05290000094101,73.75,1.956,75.707,True
361,/predict,200,84.31930001825094,76.631,2.002,78.635,True
362,/predict,200,84.33670000522397,75.21,1.99,77.201,True
363,/predict,200,79.60719999391586,72.333,1.93,74.265,True
364,/predict,200,84.37170000979677,75.628,1.968,77.598,True
365,/predict,200,87.71239998168312,80.138,1.996,82.136,True
366,/predict,200,80.638799990993,73.355,2.064,75.42,True
367,/predict,200,87.84769999329001,79.762,2.064,81.828,True
368,/predict,200,77.36049999948591,70.04,1.967,72.009,True
369,/predict,200,86.2100999802351,78.639,1.93,80.571,True
370,/predict,200,80.57050002389587,73.429,2.05,75.48,True
371,/predict,200,82.35110001987778,74.444,1.961,76.408,True
372,/predict,200,85.81839999533258,77.231,1.935,79.168,True
373,/predict,200,86.9273999996949,78.436,1.996,80.433,True
374,/predict,200,87.09230000386015,80.024,1.968,81.994,True
375,/predict,200,83.00990000134334,74.274,1.951,76.227,True
376,/predict,200,80.61979999183677,73.163,1.958,75.123,True
377,/predict,200,76.03029999881983,68.772,1.999,70.772,True
378,/predict,200,86.14460000535473,78.777,1.998,80.777,True
379,/predict,200,89.1323999967426,81.188,1.978,83.168,True
380,/predict,200,89.00369997718371,81.381,1.934,83.316,True
381,/predict,200,87.68150000832975,80.692,2.024,82.717,True
382,/predict,200,88.2180999906268,80.514,2.025,82.54,True
383,/predict,200,85.09639999829233,77.061,1.997,79.059,True
384,/predict,200,88.37579999817535,80.804,2.092,82.898,True
385,/predict,200,85.5096000013873,77.928,1.935,79.864,True
386,/predict,200,120.72999999509193,114.668,1.223,115.893,True
387,/predict,200,85.12869998230599,78.558,2.02,80.579,True
388,/predict,200,111.28129999269731,102.395,2.266,104.665,True
389,/predict,200,90.19420002005063,80.945,2.094,83.041,True
390,/predict,200,88.9638000226114,80.777,2.034,82.813,True
391,/predict,200,84.56630000728182,76.828,1.966,78.796,True
392,/predict,200,86.23779998742975,78.161,1.99,80.153,True
393,/predict,200,84.6964999800548,77.282,2.025,79.308,True
394,/predict,200,85.26180000626482,77.631,1.988,79.621,True
395,/predict,200,89.34539998881519,81.565,1.997,83.563,True
396,/predict,200,84.07969999825582,76.529,1.982,78.513,True
397,/predict,200,85.85750000202097,76.959,2.042,79.003,True
398,/predict,200,79.4496999878902,72.077,1.944,74.022,True
399,/predict,200,83.70510002714582,76.673,2.006,78.681,True
400,/predict,200,86.2011999997776,76.722,2.139,78.863,True
401,/predict,200,79.92710001417436,72.29,2.019,74.315,True
402,/predict,200,90.83139998256229,82.504,2.006,84.512,True
403,/predict,200,83.45730000291951,75.526,2.033,77.561,True
404,/predict,200,79.70809997641481,72.391,1.938,74.331,True
405,/predict,200,84.49979999568313,77.032,2.051,79.085,True
406,/predict,200,86.50930001749657,79.36,1.938,81.299,True
407,/predict,200,88.62270001554862,80.858,1.98,82.839,True
408,/predict,200,85.76549999997951,78.332,2.033,80.367,True
409,/predict,200,88.50270000402816,80.336,2.123,82.46,True
410,/predict,200,87.41909998934716,78.055,1.961,80.017,True
411,/predict,200,85.7421999971848,78.158,2.14,80.299,True
412,/predict,200,87.48149999883026,78.152,2.003,80.157,True
413,/predict,200,85.42779998970218,77.701,2.124,79.826,True
414,/predict,200,86.01420000195503,78.573,1.893,80.468,True
415,/predict,200,86.8283000017982,79.041,1.999,81.042,True
416,/predict,200,85.76190000167117,78.505,1.947,80.454,True
417,/predict,200,86.7320999968797,79.307,1.95,81.258,True
418,/predict,200,84.94169998448342,76.209,2.056,78.267,True
419,/predict,200,85.75850000488572,78.612,2.031,80.645,True
420,/predict,200,87.70169998751953,79.678,2.003,81.682,True
421,/predict,200,86.62119999644347,79.519,1.928,81.448,True
422,/predict,200,85.32829998875968,77.396,1.988,79.386,True
423,/predict,200,86.38670001528226,77.435,2.052,79.489,True
424,/predict,200,88.82050000829622,79.461,1.973,81.436,True
425,/predict,200,87.3182000068482,80.223,1.91,82.135,True
426,/predict,200,76.96139998733997,68.421,1.963,70.386,True
427,/predict,200,77.80610001645982,70.602,2.054,72.658,True
428,/predict,200,86.7473000253085,79.666,1.992,81.66,True
429,/predict,200,77.13379999040626,68.054,1.96,70.015,True
430,/predict,200,83.81620000000112,75.835,2.159,77.996,True
431,/predict,200,81.71319999382831,73.866,2.038,75.906,True
432,/predict,200,82.93539998703636,75.204,1.981,77.187,True
433,/predict,200,84.8845999862533,77.22,1.974,79.196,True
434,/predict,200,88.02729999297298,80.718,1.996,82.716,True
435,/predict,200,125.07539999205619,116.977,1.457,118.436,True
436,/predict,200,75.26090001920238,67.366,1.994,69.361,True
437,/predict,200,88.21590000297874,80.887,1.973,82.862,True
438,/predict,200,86.70400001574308,79.619,2.024,81.644,True
439,/predict,200,83.81470001768321,76.599,1.985,78.586,True
440,/predict,200,87.83549998770468,79.921,2.045,81.968,True
441,/predict,200,84.87749999039806,77.278,2.064,79.343,True
442,/predict,200,87.63679998810403,80.132,1.99,82.124,True
443,/predict,200,84.62219999637455,77.24,2.082,79.324,True
444,/predict,200,83.81770001142286,74.399,1.987,76.387,True
445,/predict,200,85.83409999846481,76.996,1.983,78.981,True
446,/predict,200,88.18299998529255,80.554,2.012,82.568,True
447,/predict,200,86.43019999726675,78.933,1.975,80.909,True
448,/predict,200,81.23160002287477,73.59,2.158,75.75,True
449,/predict,200,86.59640001133084,77.926,1.971,79.899,True
450,/predict,200,106.08240001602098,96.863,1.24,98.104,True
451,/predict,200,83.47260000300594,76.985,1.982,78.968,True
452,/predict,200,102.63070001383312,93.989,1.591,95.582,True
453,/predict,200,94.72110000206158,86.494,2.051,88.547,True
454,/predict,200,85.72620002087206,77.866,2.051,79.919,True
455,/predict,200,86.15230000577867,78.383,2.105,80.489,True
456,/predict,200,86.72830002615228,77.468,2.001,79.47,True
457,/predict,200,85.75650001876056,78.266,1.991,80.259,True
458,/predict,200,84.21140001155436,77.023,2.003,79.028,True
459,/predict,200,87.08359999582171,79.489,2.011,81.502,True
460,/predict,200,88.50640000309795,79.767,2.04,81.808,True
461,/predict,200,85.90099998400547,76.906,2.024,78.931,True
462,/predict,200,87.10559998871759,79.935,1.978,81.914,True
463,/predict,200,88.34509999724105,80.242,2.034,82.278,True
464,/predict,200,86.46479999879375,78.916,1.994,80.911,True
465,/predict,200,77.53979999688454,69.97,1.971,71.943,True
466,/predict,200,87.07270000013523,79.02,1.983,81.005,True
467,/predict,200,80.4669999924954,72.221,2.075,74.298,True
468,/predict,200,84.66839999891818,77.264,2.047,79.313,True
469,/predict,200,86.28789999056607,78.806,2.065,80.873,True
470,/predict,200,80.4575000074692,73.066,2.02,75.088,True
471,/predict,200,83.30800000112504,75.822,2.078,77.901,True
472,/predict,200,87.11680001579225,77.703,2.032,79.737,True
473,/predict,200,85.14919999288395,78.418,2.051,80.471,True
474,/predict,200,86.20829999563284,78.746,1.983,80.731,True
475,/predict,200,89.30980000877753,81.424,1.993,83.419,True
476,/predict,200,85.99049999611452,78.226,1.979,80.207,True
477,/predict,200,80.56329999817535,73.186,1.995,75.183,True
478,/predict,200,84.4523000123445,74.985,1.972,76.958,True
479,/predict,200,87.93730000616051,80.001,2.019,82.022,True
480,/predict,200,87.82610000343993,80.425,1.969,82.396,True
481,/predict,200,128.12829998438247,120.352,1.519,121.873,True
482,/predict,200,86.03400000720285,79.073,2.056,81.131,True
483,/predict,200,87.97799999592826,80.603,1.987,82.591,True
484,/predict,200,84.69980000518262,77.228,2.003,79.232,True
485,/predict,200,107.15500000515021,100.358,1.282,101.641,True
486,/predict,200,84.02119998936541,77.314,2.028,79.344,True
487,/predict,200,85.85129998391494,78.515,1.972,80.489,True
488,/predict,200,88.13619997818023,80.331,2.074,82.406,True
489,/predict,200,85.08469999651425,77.341,2.001,79.343,True
490,/predict,200,88.538600015454,80.641,2.13,82.772,True
491,/predict,200,88.10920000541955,80.439,2.076,82.518,True
492,/predict,200,86.58429997740313,79.274,1.947,81.222,True
493,/predict,200,88.39630000875331,80.771,2.092,82.865,True
494,/predict,200,88.19420001236722,80.786,1.921,82.709,True
495,/predict,200,82.02909998362884,74.756,1.962,76.72,True
496,/predict,200,86.86529999249615,79.305,1.972,81.279,True
497,/predict,200,88.64940001512878,81.179,2.038,83.219,True
498,/predict,200,84.79950000764802,77.124,2.01,79.136,True
499,/predict,200,87.89909997722134,80.765,1.953,82.72,True
500,/predict,200,86.52409998467192,78.748,1.963,80.713,True
501,/predict,200,87.27399999042973,79.826,2.078,81.905,True
502,/predict,200,81.57939999364316,73.929,2.103,76.034,True
503,/predict,200,80.59930001036264,71.298,1.99,73.29,True
504,/predict,200,87.0359999826178,80.072,1.952,82.026,True
505,/predict,200,84.91119998507202,77.089,1.963,79.053,True
506,/predict,200,85.55119999800809,78.065,2.069,80.135,True
507,/predict,200,87.91069997823797,80.501,1.984,82.486,True
508,/predict,200,84.8108000063803,77.268,2.066,79.335,True
509,/predict,200,86.55970002291724,78.838,1.984,80.823,True
510,/predict,200,91.29089998896234,83.059,2.048,85.109,True
511,/predict,200,80.08119999431074,72.534,2.061,74.597,True
512,/predict,200,88.09630002360791,80.721,2.031,82.754,True
513,/predict,200,81.36369998101145,72.791,1.926,74.718,True
514,/predict,200,86.84630002244376,77.897,1.999,79.898,True
515,/predict,200,87.39780000178143,80.155,2.046,82.203,True
516,/predict,200,105.95080000348389,96.725,2.638,99.366,True
517,/predict,200,93.44470000360161,82.103,2.023,84.127,True
518,/predict,200,88.150499999756,80.222,2.269,82.493,True
519,/predict,200,82.58600000408478,73.884,2.05,75.936,True
520,/predict,200,88.32059998530895,79.386,1.998,81.386,True
521,/predict,200,81.54050001758151,73.959,2.068,76.029,True
522,/predict,200,87.01199997449294,79.202,2.137,81.34,True
523,/predict,200,86.5730999794323,77.908,2.045,79.955,True
524,/predict,200,87.41139998892322,78.514,2.062,80.577,True
525,/predict,200,88.48470001248643,81.048,2.03,83.08,True
526,/predict,200,85.61149999150075,78.078,2.054,80.133,True
527,/predict,200,126.03220000164583,118.069,1.401,119.471,True
528,/predict,200,86.60629999940284,79.459,2.055,81.516,True
529,/predict,200,84.54929999425076,74.045,2.108,76.155,True
530,/predict,200,84.50020002783276,75.627,2.099,77.728,True
531,/predict,200,87.95309998095036,79.024,1.965,80.991,True
532,/predict,200,84.60100000957027,77.009,2.089,79.1,True
533,/predict,200,89.60340000339784,82.267,1.964,84.232,True
534,/predict,200,87.40449999459088,79.196,1.963,81.161,True
535,/predict,200,87.23289999761619,79.621,2.055,81.677,True
536,/predict,200,87.12770001147874,80.086,1.995,82.083,True
537,/predict,200,89.27589998347685,81.35,2.016,83.368,True
538,/predict,200,84.69640000839718,76.746,2.003,78.75,True
539,/predict,200,88.41430000029504,80.708,1.972,82.681,True
540,/predict,200,88.67679999093525,81.224,1.993,83.219,True
541,/predict,200,85.07170001394115,77.641,1.974,79.617,True
542,/predict,200,85.64740000292659,75.732,2.025,77.759,True
543,/predict,200,80.78889999887906,72.564,1.924,74.489,True
544,/predict,200,89.36699997866526,81.326,2.177,83.505,True
545,/predict,200,87.71819999674335,79.862,2.085,81.948,True
546,/predict,200,85.48430001246743,77.89,2.068,79.958,True
547,/predict,200,87.51849998952821,79.765,2.037,81.803,True
548,/predict,200,87.63630001340061,80.19,2.042,82.233,True
549,/predict,200,83.3305999985896,75.655,1.966,77.623,True
550,/predict,200,87.27019999059848,79.333,1.964,81.299,True
551,/predict,200,88.86009998968802,81.484,2.068,83.554,True
552,/predict,200,82.23280002130195,74.551,2.001,76.554,True
553,/predict,200,80.40760000585578,73.156,1.915,75.073,True
554,/predict,200,85.343799990369,76.668,1.974,78.643,True
555,/predict,200,87.22360001411289,79.175,2.047,81.224,True
556,/predict,200,86.0376000055112,78.756,1.99,80.748,True
557,/predict,200,84.68939998419955,77.246,1.989,79.236,True
558,/predict,200,99.89969999878667,91.501,1.972,93.475,True
559,/predict,200,89.45289999246597,81.954,2.037,83.993,True
560,/predict,200,89.64610000839457,82.167,2.038,84.206,True
561,/predict,200,85.97300000838004,78.42,2.049,80.47,True
562,/predict,200,87.14409999083728,79.392,2.02,81.414,True
563,/predict,200,89.2572000157088,81.664,1.974,83.64,True
564,/predict,200,85.22410001023673,77.996,1.983,79.982,True
565,/predict,200,83.26509999460541,75.725,2.05,77.776,True
566,/predict,200,87.97160000540316,80.485,2.023,82.51,True
567,/predict,200,87.45049999561161,79.661,2.117,81.78,True
568,/predict,200,87.21639998839237,79.539,2.004,81.544,True
569,/predict,200,82.28349999990314,75.108,2.084,77.194,True
570,/predict,200,88.40469998540357,80.496,2.101,82.598,True
571,/predict,200,89.01900000637397,81.153,2.093,83.248,True
572,/predict,200,122.80850001843646,116.303,1.231,117.535,True
573,/predict,200,79.31540001300164,71.457,1.954,73.413,True
574,/predict,200,84.919799992349,77.726,2.0,79.727,True
575,/predict,200,86.34930002153851,78.522,2.081,80.604,True
576,/predict,200,85.22239999729209,76.651,2.059,78.712,True
577,/predict,200,89.53029999975115,80.838,2.009,82.848,True
578,/predict,200,85.71849999134429,78.64,1.932,80.574,True
579,/predict,200,89.53219998511486,81.407,2.118,83.526,True
580,/predict,200,112.15560001437552,101.147,3.191,104.341,True
581,/predict,200,82.0160000002943,72.995,2.028,75.025,True
582,/predict,200,88.14910001819953,80.759,2.071,82.832,True
583,/predict,200,86.1635000037495,78.128,2.049,80.179,True
584,/predict,200,87.93360000709072,80.216,1.993,82.211,True
585,/predict,200,89.99919999041595,82.063,2.209,84.274,True
586,/predict,200,84.53890000237152,77.022,2.036,79.06,True
587,/predict,200,86.08790001017042,78.808,2.029,80.839,True
588,/predict,200,82.82789998338558,74.084,2.02,76.105,True
589,/predict,200,87.4426000227686,79.546,2.048,81.595,True
590,/predict,200,86.22229998582043,77.263,1.99,79.255,True
591,/predict,200,87.43580000009388,79.861,2.033,81.895,True
592,/predict,200,88.98830000543967,81.274,2.127,83.403,True
593,/predict,200,87.71039999555796,78.812,2.022,80.835,True
594,/predict,200,81.32149997982197,73.403,1.991,75.396,True
595,/predict,200,87.81619998626411,80.061,2.084,82.147,True
596,/predict,200,89.35239998390898,80.966,2.1,83.068,True
597,/predict,200,81.00679999915883,71.79,2.099,73.89,True
598,/predict,200,88.58389998204075,80.523,2.028,82.553,True
599,/predict,200,88.87479998520575,81.09,2.068,83.16,True
600,/predict,200,86.52459998847917,78.779,2.054,80.835,True
601,/predict,200,90.59690000140108,82.816,1.989,84.808,True
602,/predict,200,89.16789997601882,81.575,1.982,83.558,True
603,/predict,200,83.98120000492781,76.501,2.001,78.504,True
604,/predict,200,88.94479999435134,81.327,1.977,83.305,True
605,/predict,200,87.87109999684617,78.748,1.965,80.715,True
606,/predict,200,85.72850000928156,76.257,1.925,78.184,True
607,/predict,200,88.94960000179708,81.249,1.999,83.25,True
608,/predict,200,89.60560002014972,81.015,1.996,83.013,True
609,/predict,200,86.18579999892972,78.878,2.039,80.918,True
610,/predict,200,98.49400000530295,91.196,1.482,92.68,True
611,/predict,200,83.60620000166818,76.414,2.077,78.492,True
612,/predict,200,81.89359999960288,74.274,2.041,76.317,True
613,/predict,200,88.20560001186095,78.64,2.043,80.685,True
614,/predict,200,88.93299999181181,79.988,2.052,82.042,True
615,/predict,200,86.76840001135133,79.345,1.992,81.338,True
616,/predict,200,87.72769998176955,79.785,2.085,81.871,True
617,/predict,200,87.77260000351816,78.869,2.017,80.888,True
618,/predict,200,82.44460000423715,74.005,1.992,75.998,True
619,/predict,200,82.71769998827949,74.248,1.907,76.157,True
620,/predict,200,89.0650000073947,80.296,2.137,82.434,True
621,/predict,200,87.26649999152869,79.495,2.025,81.521,True
622,/predict,200,88.69170001707971,81.465,2.039,83.506,True
623,/predict,200,81.5835999965202,74.187,1.973,76.162,True
624,/predict,200,86.99260000139475,77.702,2.019,79.722,True
625,/predict,200,85.74430001317523,78.68,1.948,80.63,True
626,/predict,200,85.5706000002101,76.479,2.033,78.514,True
627,/predict,200,81.12640000763349,73.737,2.031,75.77,True
628,/predict,200,87.85479998914525,78.489,2.063,80.554,True
629,/predict,200,80.10409999405965,73.036,1.985,75.023,True
630,/predict,200,124.47270000120625,117.449,1.286,118.736,True
631,/predict,200,84.27469999878667,76.204,1.985,78.19,True
632,/predict,200,80.98640001844615,73.516,2.036,75.554,True
633,/predict,200,89.22369999345392,81.358,2.014,83.374,True
634,/predict,200,86.5549000154715,77.732,1.934,79.668,True
635,/predict,200,79.47880000574514,72.378,2.025,74.405,True
636,/predict,200,87.49960002023727,80.345,2.056,82.403,True
637,/predict,200,82.2784999909345,74.846,2.09,76.938,True
638,/predict,200,89.09389999462292,81.75,1.969,83.721,True
639,/predict,200,88.23110000230372,78.786,1.97,80.757,True
640,/predict,200,87.8585999889765,80.365,2.032,82.4,True
641,/predict,200,81.42770000267774,74.127,1.993,76.122,True
642,/predict,200,87.76419999776408,78.13,2.057,80.188,True
643,/predict,200,87.34810000169091,80.002,1.966,81.97,True
644,/predict,200,109.86179998144507,103.111,1.572,104.685,True
645,/predict,200,85.3233999805525,77.157,2.098,79.257,True
646,/predict,200,88.25159998377785,79.508,2.077,81.587,True
647,/predict,200,87.57549998699687,78.013,2.063,80.078,True
648,/predict,200,88.38500001002103,80.727,2.044,82.772,True
649,/predict,200,88.46410000114702,80.87,2.002,82.874,True
650,/predict,200,86.1023000034038,78.555,2.02,80.576,True
651,/predict,200,88.29919999698177,80.494,2.039,82.545,True
652,/predict,200,85.96939998096786,77.067,1.9,78.968,True
653,/predict,200,86.9546000030823,79.753,2.029,81.783,True
654,/predict,200,78.87120000668801,71.355,2.105,73.462,True
655,/predict,200,85.98530001472682,78.296,1.994,80.292,True
656,/predict,200,84.53399999416433,76.821,1.972,78.795,True
657,/predict,200,85.62410000013188,78.036,2.001,80.039,True
658,/predict,200,85.47819999512285,76.655,2.071,78.728,True
659,/predict,200,87.6220999925863,79.289,2.035,81.325,True
660,/predict,200,78.71940001496114,71.288,2.012,73.302,True
661,/predict,200,89.01549997972324,81.312,2.159,83.472,True
662,/predict,200,90.4510999971535,82.677,2.117,84.795,True
663,/predict,200,86.05310000712052,78.393,2.035,80.429,True
664,/predict,200,85.33620001981035,77.618,1.997,79.617,True
665,/predict,200,83.00689997849986,75.659,2.107,77.767,True
666,/predict,200,77.41399999940768,69.831,1.972,71.805,True
667,/predict,200,90.57679999386892,82.97,2.081,85.053,True
668,/predict,200,83.12969998223707,75.503,2.02,77.524,True
669,/predict,200,87.55610001389869,80.393,1.993,82.388,True
670,/predict,200,89.927599998191,81.764,2.032,83.798,True
671,/predict,200,86.49570000125095,78.541,1.984,80.527,True
672,/predict,200,85.59460000833496,78.186,2.025,80.212,True
673,/predict,200,88.66219999617897,79.603,2.051,81.655,True
674,/predict,200,85.91890000388958,78.276,1.982,80.26,True
675,/predict,200,88.2139999885112,80.312,2.069,82.382,True
676,/predict,200,128.04630000027828,121.484,1.4,122.885,True
677,/predict,200,88.1455999915488,80.937,2.023,82.962,True
678,/predict,200,86.93910000147298,79.436,1.974,81.411,True
679,/predict,200,80.00250000623055,72.676,2.019,74.696,True
680,/predict,200,88.15620001405478,80.551,2.1,82.653,True
681,/predict,200,111.55309999594465,104.913,1.34,106.255,True
682,/predict,200,88.38830000604503,81.576,1.987,83.564,True
683,/predict,200,81.94790000561625,73.281,1.987,75.27,True
684,/predict,200,87.99920001183636,78.303,2.122,80.426,True
685,/predict,200,86.4276000065729,75.898,2.029,77.929,True
686,/predict,200,82.69649997237138,75.242,1.959,77.203,True
687,/predict,200,90.13399999821559,82.344,2.023,84.369,True
688,/predict,200,82.06799998879433,74.543,1.979,76.524,True
689,/predict,200,87.35779998824,79.376,2.133,81.51,True
690,/predict,200,86.55850001377985,79.058,1.98,81.04,True
691,/predict,200,88.71779998298734,81.182,2.011,83.194,True
692,/predict,200,90.59770000749268,83.428,2.02,85.45,True
693,/predict,200,81.83589999680407,74.034,2.061,76.097,True
694,/predict,200,87.82990000327118,79.525,1.979,81.505,True
695,/predict,200,83.09179998468608,75.458,2.141,77.601,True
696,/predict,200,81.92910000798292,74.575,2.034,76.61,True
697,/predict,200,86.61840000422671,78.471,2.079,80.552,True
698,/predict,200,84.18129998608492,76.853,2.084,78.939,True
699,/predict,200,87.40379998926073,80.382,1.982,82.366,True
700,/predict,200,81.31179999327287,73.923,1.982,75.907,True
701,/predict,200,88.02029999787919,80.188,2.069,82.259,True
702,/predict,200,86.04409999679774,76.584,1.979,78.565,True
703,/predict,200,84.41000001039356,76.518,2.046,78.566,True
704,/predict,200,89.28539999760687,80.047,1.981,82.03,True
705,/predict,200,88.51939998567104,80.63,2.018,82.65,True
706,/predict,200,85.79079998889938,76.377,1.96,78.338,True
707,/predict,200,87.882299994817,78.413,2.094,80.509,True
708,/predict,200,104.37849999289028,97.357,1.532,98.892,True
709,/predict,200,96.02229998563416,86.817,2.14,88.959,True
710,/predict,200,91.0747000016272,82.016,2.173,84.191,True
711,/predict,200,83.6076999839861,75.52,2.071,77.593,True
712,/predict,200,90.23100000922568,82.666,2.002,84.67,True
713,/predict,200,86.03420000872575,78.379,2.002,80.383,True
714,/predict,200,87.21880000666715,79.558,2.016,81.576,True
715,/predict,200,88.8695000030566,79.563,2.101,81.666,True
716,/predict,200,89.5324999873992,82.124,1.979,84.106,True
717,/predict,200,84.551800013287,76.476,2.036,78.513,True
718,/predict,200,90.36360000027344,81.199,2.139,83.34,True
719,/predict,200,89.96460001799278,82.585,2.111,84.697,True
720,/predict,200,83.94020001287572,76.317,2.113,78.432,True
721,/predict,200,87.83860001130961,80.224,2.014,82.24,True
722,/predict,200,89.37729999888688,81.915,1.981,83.899,True
723,/predict,200,123.40390001190826,116.612,1.431,118.044,True
724,/predict,200,84.1935999924317,77.192,1.989,79.183,True
725,/predict,200,89.24659999320284,81.531,1.981,83.514,True
726,/predict,200,89.13590002339333,79.553,2.033,81.588,True
727,/predict,200,86.93200000561774,79.244,2.032,81.277,True
728,/predict,200,85.38930001668632,77.831,2.056,79.888,True
729,/predict,200,86.17599998251535,77.145,2.117,79.264,True
730,/predict,200,86.38749999227002,78.338,1.998,80.338,True
731,/predict,200,89.79199998429976,82.375,2.01,84.387,True
732,/predict,200,89.71850000671111,82.119,2.065,84.186,True
733,/predict,200,87.58409999427386,78.81,2.18,80.992,True
734,/predict,200,87.33909999136813,77.693,2.061,79.756,True
735,/predict,200,88.97520002210513,80.607,1.952,82.56,True
736,/predict,200,86.54600000591017,79.167,1.987,81.155,True
737,/predict,200,88.50869999150746,79.432,2.109,81.543,True
738,/predict,200,90.34230001270771,81.719,1.993,83.713,True
739,/predict,200,79.44440000574104,71.963,1.992,73.957,True
740,/predict,200,88.92010001000017,80.965,2.005,82.972,True
741,/predict,200,90.03160000429489,82.404,2.014,84.419,True
742,/predict,200,82.81970000825822,73.367,2.073,75.442,True
743,/predict,200,87.18870001030155,79.572,1.979,81.553,True
744,/predict,200,83.77019999898039,74.844,2.114,76.959,True
745,/predict,200,85.99709998816252,77.942,2.18,80.124,True
746,/predict,200,83.32020000671037,75.562,2.038,77.602,True
747,/predict,200,87.11870000115596,79.581,2.031,81.614,True
748,/predict,200,82.22229999955744,74.835,2.083,76.919,True
749,/predict,200,91.1474000022281,83.071,1.981,85.053,True
750,/predict,200,84.19059999869205,76.536,2.027,78.565,True
751,/predict,200,86.55279999948107,78.941,2.104,81.047,True
752,/predict,200,91.55069998814724,81.674,2.078,83.755,True
753,/predict,200,86.72190000652336,77.511,2.05,79.563,True
754,/predict,200,86.59120000083931,79.085,2.085,81.171,True
755,/predict,200,89.7592999972403,81.645,2.086,83.733,True
756,/predict,200,86.78290000534616,78.494,2.031,80.527,True
757,/predict,200,88.26129999943078,81.042,1.976,83.02,True
758,/predict,200,89.58060000441037,81.448,2.084,83.534,True
759,/predict,200,82.0061000122223,73.838,1.996,75.836,True
760,/predict,200,87.29809999931604,79.583,1.977,81.562,True
761,/predict,200,91.5411000023596,84.137,2.077,86.216,True
762,/predict,200,81.27150000655092,73.883,1.971,75.856,True
763,/predict,200,82.13910000631586,74.539,2.039,76.58,True
764,/predict,200,82.86789999692701,75.152,2.125,77.278,True
765,/predict,200,86.78459998918697,79.045,2.028,81.075,True
766,/predict,200,87.77909999480471,80.646,1.986,82.634,True
767,/predict,200,81.1626999930013,72.622,2.063,74.687,True
768,/predict,200,88.32710000569932,80.646,2.055,82.703,True
769,/predict,200,90.55229998193681,81.844,2.094,83.94,True
770,/predict,200,86.51120000286028,78.915,2.039,80.956,True
771,/predict,200,86.50870001292787,78.411,2.004,80.417,True
772,/predict,200,123.43599999439903,114.567,2.694,117.263,True
773,/predict,200,88.07579998392612,79.446,2.018,81.466,True
774,/predict,200,87.71180000621825,78.894,2.019,80.914,True
775,/predict,200,88.59699999447912,79.786,2.0,81.788,True
776,/predict,200,90.58640000876039,83.457,2.038,85.497,True
777,/predict,200,82.11069999379106,74.738,1.982,76.722,True
778,/predict,200,87.68289998988621,80.201,1.983,82.186,True
779,/predict,200,86.12469999934547,76.819,2.033,78.853,True
780,/predict,200,125.52670002332889,118.074,1.468,119.544,True
781,/predict,200,86.6632999968715,79.675,2.181,81.858,True
782,/predict,200,91.2112999940291,82.875,2.1,84.976,True
783,/predict,200,86.42879998660646,78.409,2.012,80.423,True
784,/predict,200,86.6946000023745,77.71,2.008,79.719,True
785,/predict,200,88.85329999611713,79.426,1.992,81.419,True
786,/predict,200,89.9546000000555,82.371,2.043,84.416,True
787,/predict,200,88.22100001270883,80.967,1.995,82.964,True
788,/predict,200,87.30799998738803,79.012,2.022,81.037,True
789,/predict,200,83.82780000101775,75.673,2.125,77.8,True
790,/predict,200,86.50370000395924,78.61,2.048,80.66,True
791,/predict,200,87.33209999627434,79.913,1.981,81.897,True
792,/predict,200,90.99719999358058,82.975,2.126,85.103,True
793,/predict,200,81.46350001334213,72.5,1.985,74.487,True
794,/predict,200,89.10750001086853,81.187,2.006,83.194,True
795,/predict,200,89.66620001592673,82.101,2.064,84.167,True
796,/predict,200,81.00209999247454,73.323,2.024,75.35,True
797,/predict,200,87.79059999505989,80.332,2.081,82.415,True
798,/predict,200,90.23319999687374,82.532,1.979,84.513,True
799,/predict,200,86.96450002025813,78.933,2.023,80.957,True
800,/predict,200,88.67940001073293,81.116,2.025,83.144,True
801,/predict,200,89.01990001322702,80.69,2.001,82.693,True
802,/predict,200,82.45070002158172,75.371,1.983,77.356,True
803,/predict,200,90.3618999873288,82.512,1.971,84.485,True
804,/predict,200,91.49180000531487,83.434,2.212,85.647,True
805,/predict,200,86.29170001950115,78.66,2.007,80.669,True
806,/predict,200,82.39379999577068,74.941,2.141,77.084,True
807,/predict,200,90.3804000117816,83.072,2.13,85.203,True
808,/predict,200,87.10840001003817,79.521,2.027,81.55,True
809,/predict,200,89.28110002307221,80.931,2.096,83.028,True
810,/predict,200,89.93859999463893,81.635,2.188,83.826,True
811,/predict,200,78.8477000023704,71.226,2.071,73.299,True
812,/predict,200,82.34269998501986,75.01,2.051,77.063,True
813,/predict,200,87.5227999931667,79.223,2.058,81.284,True
814,/predict,200,88.90319999773055,81.634,2.066,83.702,True
815,/predict,200,92.46270000585355,84.728,2.168,86.897,True
816,/predict,200,86.83729998301715,77.61,1.976,79.588,True
817,/predict,200,87.42940000956878,79.777,2.103,81.881,True
818,/predict,200,90.5882999941241,82.857,2.014,84.872,True
819,/predict,200,91.1490999860689,83.347,1.983,85.332,True
820,/predict,200,86.77739999257028,78.898,2.088,80.987,True
821,/predict,200,87.99819997511804,80.482,2.09,82.574,True
822,/predict,200,89.4570000236854,81.799,2.081,83.882,True
823,/predict,200,83.89080001506954,76.026,2.059,78.087,True
824,/predict,200,82.47900000424124,75.03,1.981,77.012,True
825,/predict,200,123.40280000353232,116.774,1.424,118.2,True
826,/predict,200,86.78449998842552,79.222,2.002,81.226,True
827,/predict,200,88.84549999493174,80.258,2.027,82.286,True
828,/predict,200,82.99100000294857,73.853,2.306,76.162,True
829,/predict,200,82.67390000401065,73.629,2.069,75.7,True
830,/predict,200,93.86560000712052,81.104,2.117,83.222,True
831,/predict,200,83.7673999776598,75.946,2.177,78.125,True
832,/predict,200,86.26430001459084,76.972,1.98,78.954,True
833,/predict,200,89.05760000925511,80.279,2.009,82.289,True
834,/predict,200,87.31649999390356,79.372,2.072,81.446,True
835,/predict,200,88.72040000278503,81.431,2.041,83.474,True
836,/predict,200,111.80189999868162,104.001,1.515,105.518,True
837,/predict,200,85.70270001655445,77.229,2.052,79.283,True
838,/predict,200,90.21659998688847,82.715,2.029,84.746,True
839,/predict,200,83.8672999816481,75.227,2.115,77.344,True
840,/predict,200,89.75650000502355,81.696,2.155,83.852,True
841,/predict,200,89.22310001798905,81.411,2.028,83.441,True
842,/predict,200,86.99239999987185,79.626,1.995,81.623,True
843,/predict,200,87.41780000855215,79.712,2.061,81.774,True
844,/predict,200,87.0866000186652,79.594,2.084,81.68,True
845,/predict,200,83.52600000216626,75.908,2.046,77.956,True
846,/predict,200,83.04999998654239,75.334,2.143,77.478,True
847,/predict,200,83.17320002242923,74.186,2.061,76.249,True
848,/predict,200,82.00210001086816,74.473,2.075,76.549,True
849,/predict,200,88.7366000097245,80.537,2.026,82.565,True
850,/predict,200,88.1842999951914,80.6,1.995,82.597,True
851,/predict,200,86.75099999527447,78.306,1.98,80.287,True
852,/predict,200,88.47720001358539,80.387,2.022,82.411,True
853,/predict,200,87.97220000997186,80.144,2.079,82.225,True
854,/predict,200,84.34140001190826,76.099,2.09,78.191,True
855,/predict,200,88.78510000067763,81.63,1.976,83.608,True
856,/predict,200,86.039299989352,77.326,1.995,79.323,True
857,/predict,200,91.33930000825785,83.475,2.316,85.793,True
858,/predict,200,90.40419998927973,82.605,2.021,84.629,True
859,/predict,200,88.40000000782311,80.477,2.056,82.534,True
860,/predict,200,89.37699999660254,81.75,2.075,83.826,True
861,/predict,200,90.10689999558963,82.239,2.156,84.397,True
862,/predict,200,85.71799998753704,76.574,1.99,78.566,True
863,/predict,200,89.12129999953322,81.226,2.07,83.298,True
864,/predict,200,88.04699999745935,78.652,2.045,80.699,True
865,/predict,200,90.84289998281747,83.214,2.131,85.347,True
866,/predict,200,90.2197000104934,82.644,2.135,84.781,True
867,/predict,200,88.83639998384751,81.333,2.025,83.36,True
868,/predict,200,82.4741999967955,74.896,2.029,76.927,True
869,/predict,200,83.82719999644905,76.122,1.988,78.112,True
870,/predict,200,82.69250000012107,75.485,1.991,77.478,True
871,/predict,200,81.31799998227507,73.512,2.025,75.539,True
872,/predict,200,123.76889999723062,114.991,1.595,116.588,True
873,/predict,200,86.26199999707751,77.521,2.029,79.552,True
874,/predict,200,87.09669997915626,79.296,2.041,81.339,True
875,/predict,200,88.14950002124533,79.005,1.934,80.941,True
876,/predict,200,84.15229999809526,76.463,2.132,78.597,True
877,/predict,200,102.59229998337105,95.295,1.591,96.888,True
878,/predict,200,79.33169999159873,71.417,2.072,73.49,True
879,/predict,200,88.65980000700802,81.068,1.986,83.056,True
880,/predict,200,89.7046999889426,82.019,2.141,84.161,True
881,/predict,200,83.45119998557493,75.987,2.051,78.04,True
882,/predict,200,87.70430000731722,80.112,2.063,82.177,True
883,/predict,200,90.65920001012273,82.775,1.967,84.744,True
884,/predict,200,88.97000001161359,81.256,2.055,83.312,True
885,/predict,200,89.45589998620562,81.352,2.045,83.399,True
886,/predict,200,90.65270001883619,83.161,2.228,85.391,True
887,/predict,200,91.89530002186075,83.89,2.129,86.021,True
888,/predict,200,86.53530001174659,78.761,2.008,80.772,True
889,/predict,200,88.07189998333342,80.704,1.981,82.686,True
890,/predict,200,88.1220999872312,80.703,2.113,82.817,True
891,/predict,200,89.5547000109218,81.364,2.084,83.45,True
892,/predict,200,83.38769999681972,75.499,2.05,77.551,True
893,/predict,200,85.17510001547635,77.281,2.009,79.292,True
894,/predict,200,90.18080000532791,82.326,1.977,84.304,True
895,/predict,200,82.9185999755282,74.955,1.989,76.946,True
896,/predict,200,89.64449999621138,81.524,2.081,83.607,True
897,/predict,200,91.41429999726824,82.218,2.155,84.375,True
898,/predict,200,82.28070000768639,74.507,1.976,76.485,True
899,/predict,200,109.65239998768084,100.81,2.648,103.461,True
900,/predict,200,90.52289999090135,79.902,2.128,82.032,True
901,/predict,200,90.12300000176765,81.953,2.046,84.001,True
902,/predict,200,92.10179999354295,84.592,2.089,86.682,True
903,/predict,200,86.10770001541823,78.415,1.986,80.403,True
904,/predict,200,88.36580000934191,80.872,2.039,82.913,True
905,/predict,200,83.34899999317713,75.756,2.084,77.841,True
906,/predict,200,84.26939998753369,76.086,2.155,78.243,True
907,/predict,200,82.42949997656979,74.792,2.038,76.833,True
908,/predict,200,81.8448000063654,74.209,2.038,76.249,True
909,/predict,200,87.8452000033576,79.892,2.057,81.951,True
910,/predict,200,85.68109999760054,76.81,2.17,78.983,True
911,/predict,200,84.95290001155809,76.574,2.03,78.605,True
912,/predict,200,84.21380000072531,75.404,2.14,77.545,True
913,/predict,200,85.1425000000745,77.098,2.164,79.264,True
914,/predict,200,89.85190000385046,81.751,2.286,84.039,True
915,/predict,200,87.04430001671426,79.313,2.027,81.342,True
916,/predict,200,87.89409999735653,80.022,2.152,82.176,True
917,/predict,200,124.60039998404682,117.712,1.399,119.112,True
918,/predict,200,85.38590001990087,77.162,1.989,79.152,True
919,/predict,200,93.47079999861307,85.081,2.053,87.135,True
920,/predict,200,87.03700001933612,79.605,1.991,81.598,True
921,/predict,200,88.33359999698587,80.2,2.034,82.236,True
922,/predict,200,86.7664999968838,79.169,2.065,81.236,True
923,/predict,200,83.91849999316037,74.586,2.071,76.659,True
924,/predict,200,82.95700000599027,73.737,2.033,75.771,True
925,/predict,200,83.77100000507198,75.911,2.094,78.007,True
926,/predict,200,83.89059998444282,74.903,2.028,76.933,True
927,/predict,200,89.16289999615401,81.796,2.089,83.887,True
928,/predict,200,84.31279999786057,76.717,2.069,78.788,True
929,/predict,200,83.82510000956245,74.849,2.124,76.975,True
930,/predict,200,86.86259997193702,79.259,2.074,81.335,True
931,/predict,200,86.63150001666509,78.476,2.047,80.524,True
932,/predict,200,88.75830000033602,81.234,2.044,83.28,True
933,/predict,200,83.18539999891073,75.369,2.134,77.504,True
934,/predict,200,83.65610000328161,76.043,2.033,78.078,True
935,/predict,200,84.05170001788065,76.477,2.016,78.494,True
936,/predict,200,85.1585999771487,75.77,2.077,77.849,True
937,/predict,200,90.41879998403601,82.801,2.147,84.95,True
938,/predict,200,90.18509997986257,82.902,2.033,84.936,True
939,/predict,200,87.56000001449138,80.473,1.991,82.465,True
940,/predict,200,86.57819998916239,79.205,1.997,81.204,True
941,/predict,200,89.33810002054088,81.807,2.027,83.836,True
942,/predict,200,93.3849000139162,85.902,2.023,87.926,True
943,/predict,200,86.96780001628213,79.063,2.135,81.199,True
944,/predict,200,90.29410002403893,80.933,2.052,82.987,True
945,/predict,200,89.97890001046471,80.95,2.147,83.1,True
946,/predict,200,88.43680002610199,80.792,2.055,82.849,True
947,/predict,200,84.0539000055287,76.444,2.038,78.484,True
948,/predict,200,88.70729999034666,80.682,2.001,82.684,True
949,/predict,200,81.94940001703799,73.82,2.031,75.852,True
950,/predict,200,89.37420000438578,80.362,1.982,82.346,True
951,/predict,200,90.27250000508502,82.612,2.07,84.683,True
952,/predict,200,87.63019999605604,78.213,2.036,80.25,True
953,/predict,200,89.5279000105802,81.928,2.104,84.033,True
954,/predict,200,89.09799999673851,81.267,2.036,83.305,True
955,/predict,200,82.55970000755042,74.938,2.031,76.97,True
956,/predict,200,89.58440000424162,80.549,2.043,82.593,True
957,/predict,200,90.22000001277775,82.219,1.968,84.189,True
958,/predict,200,86.94229999673553,78.941,2.004,80.947,True
959,/predict,200,90.20129998680204,82.673,2.076,84.751,True
960,/predict,200,88.09870001277886,79.16,2.025,81.188,True
961,/predict,200,83.24479998555034,74.729,2.151,76.882,True
962,/predict,200,94.77809999953024,84.529,3.311,87.843,True
963,/predict,200,111.23949999455363,102.287,1.291,103.58,True
964,/predict,200,84.86939998692833,77.676,2.052,79.73,True
965,/predict,200,86.90580000984482,78.952,2.129,81.083,True
966,/predict,200,90.41070000967011,82.539,2.179,84.719,True
967,/predict,200,87.97169997706078,79.255,2.011,81.269,True
968,/predict,200,88.75940000871196,81.203,2.037,83.241,True
969,/predict,200,91.32770000724122,83.135,2.086,85.223,True
970,/predict,200,82.03150000190362,74.388,2.086,76.476,True
971,/predict,200,131.61409998429008,124.422,1.478,125.901,True
972,/predict,200,87.43670000694692,78.828,2.139,80.969,True
973,/predict,200,79.55669998773374,71.958,2.109,74.069,True
974,/predict,200,88.89809998800047,80.807,2.033,82.842,True
975,/predict,200,91.20049999910407,83.315,2.039,85.356,True
976,/predict,200,81.3540999952238,73.618,2.039,75.66,True
977,/predict,200,88.96560000721365,81.233,2.054,83.289,True
978,/predict,200,89.10529999411665,79.184,2.086,81.272,True
979,/predict,200,83.07350001996383,75.266,2.081,77.349,True
980,/predict,200,87.76690001832321,80.388,1.958,82.348,True
981,/predict,200,92.57350000552833,83.515,2.142,85.658,True
982,/predict,200,83.02589997765608,75.12,2.024,77.145,True
983,/predict,200,83.53580001858063,76.049,2.098,78.149,True
984,/predict,200,87.51340000890195,79.37,2.035,81.406,True
985,/predict,200,83.37740000570193,75.643,2.16,77.805,True
986,/predict,200,91.25779999885708,82.909,2.046,84.956,True
987,/predict,200,82.31629998772405,74.936,1.99,76.928,True
988,/predict,200,84.43370001623407,76.473,2.036,78.51,True
989,/predict,200,90.66759998677298,82.583,2.035,84.62,True
990,/predict,200,87.18309999676421,79.461,2.043,81.506,True
991,/predict,200,88.46359999733977,80.885,2.052,82.939,True
992,/predict,200,89.73480001441203,82.466,2.031,84.499,True
993,/predict,200,88.79040001193061,80.765,1.973,82.74,True
994,/predict,200,85.40879999054596,77.899,2.011,79.912,True
995,/predict,200,92.98590000253171,85.389,2.098,87.489,True
996,/predict,200,90.89360001962632,83.224,2.022,85.247,True
997,/predict,200,91.26010001637042,82.966,2.019,84.987,True
998,/predict,200,85.98830000846647,77.678,2.107,79.787,True
999,/predict,200,86.63430000888184,79.145,2.049,81.196,True
1000,/predict,200,90.59869998600334,82.278,2.143,84.423,True
