TransactionID,offline_probability,online_probability,abs_diff,offline_decision,online_decision,match,status,error
3544193,0.003993,0.003993,0.0,LEGIT,LEGIT,True,SUCCESS,
3553782,0.028656,0.028656,0.0,LEGIT,LEGIT,True,SUCCESS,
3572950,0.356211,0.356211,0.0,LEGIT,LEGIT,True,SUCCESS,
3523324,0.006417,0.006417,0.0,LEGIT,LEGIT,True,SUCCESS,
3560686,0.020108,0.020108,0.0,LEGIT,LEGIT,True,SUCCESS,
3513511,0.662079,0.662079,0.0,FRAUD,FRAUD,True,SUCCESS,
3545668,0.01606,0.01606,0.0,LEGIT,LEGIT,True,SUCCESS,
3518867,0.089978,0.089978,0.0,LEGIT,LEGIT,True,SUCCESS,
3561136,0.000569,0.000569,0.0,LEGIT,LEGIT,True,SUCCESS,
3565004,0.026372,0.026372,0.0,LEGIT,LEGIT,True,SUCCESS,
3561320,0.145701,0.145701,0.0,LEGIT,LEGIT,True,SUCCESS,
3550564,0.005578,0.005578,0.0,LEGIT,LEGIT,True,SUCCESS,
3516469,0.054785,0.054785,0.0,LEGIT,LEGIT,True,SUCCESS,
3515420,0.753773,0.753773,0.0,FRAUD,FRAUD,True,SUCCESS,
3572869,0.173322,0.173322,0.0,LEGIT,LEGIT,True,SUCCESS,
3524841,0.011529,0.011529,0.0,LEGIT,LEGIT,True,SUCCESS,
3541031,0.001451,0.001451,0.0,LEGIT,LEGIT,True,SUCCESS,
3522226,0.004332,0.004332,0.0,LEGIT,LEGIT,True,SUCCESS,
3557351,0.004074,0.004074,0.0,LEGIT,LEGIT,True,SUCCESS,
3521055,0.996901,0.996901,0.0,FRAUD,FRAUD,True,SUCCESS,
3573426,0.005938,0.005938,0.0,LEGIT,LEGIT,True,SUCCESS,
3530892,0.038854,0.038854,0.0,LEGIT,LEGIT,True,SUCCESS,
3516362,0.017141,0.017141,0.0,LEGIT,LEGIT,True,SUCCESS,
3571399,0.000363,0.000363,0.0,LEGIT,LEGIT,True,SUCCESS,
3506159,0.058345,0.058345,0.0,LEGIT,LEGIT,True,SUCCESS,
3540609,0.086025,0.086025,0.0,LEGIT,LEGIT,True,SUCCESS,
3520004,0.476782,0.476782,0.0,LEGIT,LEGIT,True,SUCCESS,
3568183,0.058516,0.058516,0.0,LEGIT,LEGIT,True,SUCCESS,
3565578,0.008491,0.008491,0.0,LEGIT,LEGIT,True,SUCCESS,
3519330,0.040291,0.040291,0.0,LEGIT,LEGIT,True,SUCCESS,
3565508,0.000648,0.000648,0.0,LEGIT,LEGIT,True,SUCCESS,
3577332,0.008414,0.008414,0.0,LEGIT,LEGIT,True,SUCCESS,
3502802,0.00722,0.00722,0.0,LEGIT,LEGIT,True,SUCCESS,
3532118,0.002469,0.002469,0.0,LEGIT,LEGIT,True,SUCCESS,
3548761,0.021148,0.021148,0.0,LEGIT,LEGIT,True,SUCCESS,
3577045,0.042148,0.042148,0.0,LEGIT,LEGIT,True,SUCCESS,
3558427,0.005435,0.005435,0.0,LEGIT,LEGIT,True,SUCCESS,
3566714,0.001709,0.001709,0.0,LEGIT,LEGIT,True,SUCCESS,
3550436,0.126619,0.126619,0.0,LEGIT,LEGIT,True,SUCCESS,
3507353,0.030654,0.030654,0.0,LEGIT,LEGIT,True,SUCCESS,
3562120,0.03182,0.03182,0.0,LEGIT,LEGIT,True,SUCCESS,
3549722,0.033238,0.033238,0.0,LEGIT,LEGIT,True,SUCCESS,
3510876,0.458037,0.458037,0.0,LEGIT,LEGIT,True,SUCCESS,
3561014,0.001557,0.001557,0.0,LEGIT,LEGIT,True,SUCCESS,
3513003,0.041172,0.041172,0.0,LEGIT,LEGIT,True,SUCCESS,
3557809,0.533585,0.533585,0.0,LEGIT,LEGIT,True,SUCCESS,
3544425,0.007938,0.007938,0.0,LEGIT,LEGIT,True,SUCCESS,
3570991,0.32286,0.32286,0.0,LEGIT,LEGIT,True,SUCCESS,
3544068,0.004394,0.004394,0.0,LEGIT,LEGIT,True,SUCCESS,
3520729,0.001154,0.001154,0.0,LEGIT,LEGIT,True,SUCCESS,
3522892,0.004772,0.004772,0.0,LEGIT,LEGIT,True,SUCCESS,
3504921,0.026546,0.026546,0.0,LEGIT,LEGIT,True,SUCCESS,
3575509,0.010292,0.010292,0.0,LEGIT,LEGIT,True,SUCCESS,
3548142,0.001167,0.001167,0.0,LEGIT,LEGIT,True,SUCCESS,
3501336,0.155651,0.155651,0.0,LEGIT,LEGIT,True,SUCCESS,
3533897,0.035612,0.035612,0.0,LEGIT,LEGIT,True,SUCCESS,
3515309,0.087569,0.087569,0.0,LEGIT,LEGIT,True,SUCCESS,
3513137,0.041127,0.041127,0.0,LEGIT,LEGIT,True,SUCCESS,
3556214,0.00619,0.00619,0.0,LEGIT,LEGIT,True,SUCCESS,
3503857,0.163678,0.163678,0.0,LEGIT,LEGIT,True,SUCCESS,
3522809,0.020003,0.020003,0.0,LEGIT,LEGIT,True,SUCCESS,
3577268,0.026415,0.026415,0.0,LEGIT,LEGIT,True,SUCCESS,
3543523,0.002842,0.002842,0.0,LEGIT,LEGIT,True,SUCCESS,
3531619,0.157683,0.157683,0.0,LEGIT,LEGIT,True,SUCCESS,
3525040,0.043489,0.043489,0.0,LEGIT,LEGIT,True,SUCCESS,
3518992,0.001676,0.001676,0.0,LEGIT,LEGIT,True,SUCCESS,
3570493,0.005172,0.005172,0.0,LEGIT,LEGIT,True,SUCCESS,
3515341,0.010134,0.010134,0.0,LEGIT,LEGIT,True,SUCCESS,
3532188,0.00315,0.00315,0.0,LEGIT,LEGIT,True,SUCCESS,
3528796,0.042496,0.042496,0.0,LEGIT,LEGIT,True,SUCCESS,
3503160,0.101211,0.101211,0.0,LEGIT,LEGIT,True,SUCCESS,
3568487,0.005224,0.005224,0.0,LEGIT,LEGIT,True,SUCCESS,
3547469,0.000671,0.000671,0.0,LEGIT,LEGIT,True,SUCCESS,
3547132,0.314259,0.314259,0.0,LEGIT,LEGIT,True,SUCCESS,
3539037,0.006088,0.006088,0.0,LEGIT,LEGIT,True,SUCCESS,
3500244,0.054117,0.054117,0.0,LEGIT,LEGIT,True,SUCCESS,
3522857,0.006207,0.006207,0.0,LEGIT,LEGIT,True,SUCCESS,
3501472,0.021756,0.021756,0.0,LEGIT,LEGIT,True,SUCCESS,
3514807,0.013583,0.013583,0.0,LEGIT,LEGIT,True,SUCCESS,
3510757,0.017932,0.017932,0.0,LEGIT,LEGIT,True,SUCCESS,
3526917,0.026143,0.026143,0.0,LEGIT,LEGIT,True,SUCCESS,
3549532,0.00037,0.00037,0.0,LEGIT,LEGIT,True,SUCCESS,
3532944,0.076705,0.076705,0.0,LEGIT,LEGIT,True,SUCCESS,
3531181,0.00774,0.00774,0.0,LEGIT,LEGIT,True,SUCCESS,
3547175,0.589733,0.589733,0.0,LEGIT,LEGIT,True,SUCCESS,
3565866,0.02119,0.02119,0.0,LEGIT,LEGIT,True,SUCCESS,
3550592,0.005486,0.005486,0.0,LEGIT,LEGIT,True,SUCCESS,
3518862,0.006737,0.006737,0.0,LEGIT,LEGIT,True,SUCCESS,
3551573,0.031124,0.031124,0.0,LEGIT,LEGIT,True,SUCCESS,
3563317,0.039657,0.039657,0.0,LEGIT,LEGIT,True,SUCCESS,
3499541,0.041035,0.041035,0.0,LEGIT,LEGIT,True,SUCCESS,
3574346,0.127405,0.127405,0.0,LEGIT,LEGIT,True,SUCCESS,
3571396,0.26785,0.26785,0.0,LEGIT,LEGIT,True,SUCCESS,
3543995,0.03142,0.03142,0.0,LEGIT,LEGIT,True,SUCCESS,
3527507,0.040222,0.040222,0.0,LEGIT,LEGIT,True,SUCCESS,
3532947,0.111476,0.111476,0.0,LEGIT,LEGIT,True,SUCCESS,
3528001,0.060751,0.060751,0.0,LEGIT,LEGIT,True,SUCCESS,
3571739,0.033902,0.033902,0.0,LEGIT,LEGIT,True,SUCCESS,
3576031,0.024483,0.024483,0.0,LEGIT,LEGIT,True,SUCCESS,
3555863,0.018741,0.018741,0.0,LEGIT,LEGIT,True,SUCCESS,
