request_index,transaction_id,http_status,fraud_probability,decision,model_version,total_inference_ms,wall_time_ms,request_type
1,800000,200,0.036411,LEGIT,E1,108.034,113.685,success
2,800001,200,0.04304,LEGIT,E1,93.881,97.126,success
3,800002,200,0.046886,LEGIT,E1,93.203,96.106,success
4,800003,200,0.041137,LEGIT,E1,90.451,93.315,success
5,800004,200,0.045413,LEGIT,E1,93.575,96.436,success
6,800005,200,0.056435,LEGIT,E1,93.37,96.179,success
7,800006,200,0.076148,LEGIT,E1,90.53,93.482,success
8,800007,200,0.087925,LEGIT,E1,85.705,88.717,success
9,800008,200,0.080875,LEGIT,E1,130.063,133.352,success
10,800009,200,0.066575,LEGIT,E1,126.622,129.82,success
11,800010,200,0.069297,LEGIT,E1,133.652,137.173,success
12,800011,200,0.082945,LEGIT,E1,124.797,128.296,success
13,800012,200,0.070909,LEGIT,E1,130.638,133.965,success
14,800013,200,0.055946,LEGIT,E1,126.141,129.577,success
15,800014,200,0.051594,LEGIT,E1,122.821,126.402,success
16,800015,200,0.065878,LEGIT,E1,131.427,134.78,success
17,800016,200,0.078763,LEGIT,E1,125.849,129.084,success
18,800017,200,0.08475,LEGIT,E1,122.463,125.683,success
19,800018,200,0.091676,LEGIT,E1,132.337,135.689,success
20,800019,200,0.081882,LEGIT,E1,124.887,128.24,success
21,800020,200,0.11268,LEGIT,E1,123.643,126.916,success
22,800021,200,0.139951,LEGIT,E1,133.016,136.325,success
23,800022,200,0.145883,LEGIT,E1,94.952,98.15,success
24,800023,200,0.122976,LEGIT,E1,131.756,135.078,success
25,800024,200,0.120828,LEGIT,E1,120.449,123.933,success
26,800025,200,0.152885,LEGIT,E1,126.368,129.592,success
27,800026,200,0.256167,LEGIT,E1,122.739,125.856,success
28,800027,200,0.267889,LEGIT,E1,119.122,122.666,success
29,800028,200,0.179557,LEGIT,E1,124.12,127.55,success
30,800029,200,0.153001,LEGIT,E1,132.855,136.155,success
31,800030,200,0.167798,LEGIT,E1,124.348,127.765,success
32,800031,200,0.262292,LEGIT,E1,122.626,126.058,success
33,800032,200,0.278054,LEGIT,E1,89.644,92.858,success
34,800033,200,0.186726,LEGIT,E1,123.658,127.037,success
35,800034,200,0.173417,LEGIT,E1,128.166,131.371,success
36,800035,200,0.179153,LEGIT,E1,127.579,130.796,success
37,800036,200,0.223138,LEGIT,E1,123.446,126.914,success
38,800037,200,0.238036,LEGIT,E1,123.428,126.807,success
39,800038,200,0.150465,LEGIT,E1,171.384,174.945,success
40,800039,200,0.12552,LEGIT,E1,132.716,136.74,success
41,800040,200,0.159674,LEGIT,E1,125.94,129.356,success
42,800041,200,0.265163,LEGIT,E1,129.94,133.184,success
43,800042,200,0.269816,LEGIT,E1,125.407,128.822,success
44,800043,200,0.170292,LEGIT,E1,133.565,136.833,success
45,800044,200,0.11279,LEGIT,E1,125.195,128.862,success
46,800045,200,0.124079,LEGIT,E1,133.601,137.107,success
47,800046,200,0.252325,LEGIT,E1,123.701,127.108,success
48,800047,200,0.245188,LEGIT,E1,132.802,136.265,success
49,800048,200,0.229761,LEGIT,E1,125.486,128.753,success
50,800049,200,0.21045,LEGIT,E1,124.415,127.919,success
51,800050,200,0.239327,LEGIT,E1,130.383,133.752,success
52,800051,200,0.390151,LEGIT,E1,113.243,116.812,success
53,800052,200,0.401307,LEGIT,E1,129.827,133.193,success
54,800053,200,0.262551,LEGIT,E1,125.847,129.211,success
55,800054,200,0.250241,LEGIT,E1,122.812,126.333,success
56,800055,200,0.281,LEGIT,E1,132.185,135.548,success
57,800056,200,0.43191,LEGIT,E1,125.422,128.954,success
58,800057,200,0.498701,LEGIT,E1,120.017,123.472,success
59,800058,200,0.269498,LEGIT,E1,123.363,126.636,success
60,800059,200,0.228075,LEGIT,E1,126.031,129.532,success
61,800060,200,0.232825,LEGIT,E1,130.326,133.85,success
62,800061,200,0.343562,LEGIT,E1,124.401,127.712,success
63,800062,200,0.349352,LEGIT,E1,131.629,135.02,success
64,800063,200,0.206671,LEGIT,E1,109.968,113.176,success
65,800064,200,0.208578,LEGIT,E1,123.371,126.705,success
66,800065,200,0.240859,LEGIT,E1,132.666,136.112,success
67,800066,200,0.382771,LEGIT,E1,124.3,127.563,success
68,800067,200,0.372053,LEGIT,E1,124.309,127.651,success
69,800068,200,0.205735,LEGIT,E1,131.395,134.847,success
70,800069,200,0.198226,LEGIT,E1,126.82,130.337,success
71,800070,200,0.196835,LEGIT,E1,131.641,135.164,success
72,800071,200,0.350218,LEGIT,E1,112.681,115.99,success
73,800072,200,0.348656,LEGIT,E1,130.682,133.915,success
74,800073,200,0.228041,LEGIT,E1,125.048,128.374,success
75,800074,200,0.191236,LEGIT,E1,96.131,99.37,success
76,800075,200,0.20985,LEGIT,E1,130.873,134.094,success
77,800076,200,0.361795,LEGIT,E1,124.358,127.861,success
78,800077,200,0.373666,LEGIT,E1,132.076,135.453,success
79,800078,200,0.230586,LEGIT,E1,125.757,129.765,success
80,800079,200,0.212547,LEGIT,E1,132.07,135.473,success
81,800080,200,0.276292,LEGIT,E1,124.791,128.337,success
82,800081,200,0.409296,LEGIT,E1,122.494,125.774,success
83,800082,200,0.40207,LEGIT,E1,123.318,126.703,success
84,800083,200,0.271897,LEGIT,E1,132.89,136.242,success
85,800084,200,0.280341,LEGIT,E1,123.828,127.051,success
86,800085,200,0.292734,LEGIT,E1,122.955,127.77,success
87,800086,200,0.448735,LEGIT,E1,132.846,136.281,success
88,800087,200,0.454231,LEGIT,E1,124.55,128.056,success
89,800088,200,0.335113,LEGIT,E1,132.606,135.732,success
90,800089,200,0.31911,LEGIT,E1,125.007,128.258,success
91,800090,200,0.327139,LEGIT,E1,123.148,126.557,success
92,800091,200,0.495369,LEGIT,E1,133.005,136.509,success
93,800092,200,0.448242,LEGIT,E1,126.598,130.159,success
94,800093,200,0.297788,LEGIT,E1,131.027,134.585,success
95,800094,200,0.293036,LEGIT,E1,125.989,129.588,success
96,800095,200,0.288817,LEGIT,E1,132.595,135.978,success
97,800096,200,0.454956,LEGIT,E1,126.035,129.581,success
98,800097,200,0.431912,LEGIT,E1,124.477,127.726,success
99,800098,200,0.259309,LEGIT,E1,130.417,133.695,success
100,800099,200,0.154452,LEGIT,E1,125.665,128.911,success
101,N/A,422,-1,ERROR,E1,-1,-1,error
102,N/A,422,-1,ERROR,E1,-1,-1,error
103,N/A,422,-1,ERROR,E1,-1,-1,error
104,N/A,422,-1,ERROR,E1,-1,-1,error
105,N/A,422,-1,ERROR,E1,-1,-1,error
106,N/A,422,-1,ERROR,E1,-1,-1,error
107,N/A,422,-1,ERROR,E1,-1,-1,error
108,N/A,422,-1,ERROR,E1,-1,-1,error
109,N/A,422,-1,ERROR,E1,-1,-1,error
110,N/A,422,-1,ERROR,E1,-1,-1,error
