Experiment,Configuration,Messages Attempted,Successful,Failed,Partitions,Producer Rate (tx/sec),Average Latency (ms),Median Latency (ms),P95 Latency (ms),P99 Latency (ms),Messages Lost,Result
General Benchmark,100 tx/sec target,2000,2000,0,1,100.00,9.895,4.693,36.764,104.491,0,PASS
ACK Modes,acks=0,2000,2000,0,1,100.03,0.345,0.290,0.440,0.482,0,PASS
ACK Modes,acks=1,2000,2000,0,1,100.03,2.633,1.914,2.813,3.637,0,PASS
ACK Modes,acks=all,2000,2000,0,1,100.04,2.089,1.985,2.779,3.041,0,PASS
Partition Scaling,1 partition,2000,2000,0,1,100.04,2.053,1.602,2.554,2.884,0,PASS
Partition Scaling,3 partitions,2000,2000,0,3,100.04,1.779,1.562,2.383,2.643,0,PASS
Partition Scaling,6 partitions,2000,2000,0,6,100.04,3.323,1.664,2.504,3.204,0,PASS
Producer Failure,broker failure + recovery,300,290,10,1,,, ,,,0,PASS
Idempotence,OFF + failure,200,193,7,1,,,,,,0,PASS
Idempotence,ON + failure,200,191,9,1,,,,,,0,PASS
Batching/Compression,Baseline,2000,2000,0,1,100.03,4.296,3.954,5.546,6.985,0,PASS
Batching/Compression,Batching,2000,2000,0,1,70.57,14.134,14.031,14.943,15.557,0,PASS
Batching/Compression,GZIP compression,2000,2000,0,1,68.71,14.518,14.318,15.737,16.906,0,PASS
Ordering,Key-based partitioning,60,60,0,3,,,,,,,PASS
At-Least-Once,Uncommitted message replay,10,10,0,1,,,,,,,PASS
At-Most-Once,Commit before processing,10,10,0,1,,,,,,,PASS
Retry Behavior,Retries=0 + failure,200,125,75,1,,,,,,,PASS
Retry Behavior,Retries=5 + failure,200,100,100,1,,,,,,,PASS
Controlled Retry,Baseline retries=0,200,200,0,1,,,,,,,PASS
Controlled Retry,Retries=0 + failure,200,48,152,1,,,,,,,PASS
Controlled Retry,Retries=5 + failure,200,68,132,1,,,,,,,PASS
