TransactionID,TransactionAmt,fraud_probability,decision,http_status,latency_ms,success,error
3663549,31.95,0.007875,LEGIT,200,133.37,True,
3663550,49.0,0.021529,LEGIT,200,118.18,True,
3663551,171.0,0.004329,LEGIT,200,119.13,True,
3663552,284.95,0.01454,LEGIT,200,118.01,True,
3663553,67.95,0.007986,LEGIT,200,97.8,True,
3663554,57.95,0.033218,LEGIT,200,107.17,True,
3663555,87.0,0.031993,LEGIT,200,95.95,True,
3663556,390.0,0.192827,LEGIT,200,100.85,True,
3663557,103.95,0.001221,LEGIT,200,122.02,True,
3663558,117.0,0.049723,LEGIT,200,95.53,True,
